repo,stars,loc,dbaccesses,smell_count,schemas_count,hash
0xTracker/0x-event-extractor,31,1344,7,0,2,6b30a6453a857d7ca1661393a922005859c5ee8d
17koa/koa-generator-examples,485,553,6,0,1,59de28e6e46b11db8a1face1adc0cde41b83d248
18F/checklistomania,362,1660,27,0,0,98657747c5460c51debb6e396e4ade254e63df53
1956-studio/wechat-ship,13,2609,49,0,11,70a6ce289836c4d0878185a80e35b7e0758b11fa
36node/sketch,17,8099,4,0,1,4116403070b6f8a832c789dab6c213109d5c473d
3drepo/3drepo.io,90,60482,353,0,0,1d55e5977c0732a355b84cbd1d5efbf2926deace
3drepo/3drepobouncer,26,1338,10,0,0,d42c64253e16569fb5c836e0c7d1b62b79795e4f
42sixsolutions/deckster,19,1276,5,0,0,3d71887b9b708c52a57a92f00dedbd038d0a3b74
4minitz/4minitz,162,27802,34,0,0,cc1dfc424fa5df3719df3a1e0f43eb039996bce6
7anshuai/abba,16,8858,41,0,3,791897f9cf8bb1354512dc46f1df7de405b6547d
ASQ-USI/ASQ,27,92594,279,0,25,efda088dcb3fedf66eb571a8a4371be41c61693c
AccessiDys/AccessiDys,12,36346,42,0,8,eefd1385bf09080fc01b8afff3478cdd9c81917c
AnalyticsDojo/AnalyticsDojo,38,531555,11,0,0,06e9d3aa987dfdbaded6d75f19d5bad12111f678
AnuraConfig/anura-server,16,3466,13,0,3,764571e02b2f8fa6b6797d741e14b23aa411ac21
ArbeitBot/ArbeitBot,149,4602,103,0,8,d27667e6b08c69487039d7a6c87da72c29accf72
ArturT/rubygems-tracker,10,1887,9,0,2,a4b69c7d5d66c6b622f78f85dd601626cb5b46a7
Automattic/mongoose,25045,93264,276,0,85,9fbc663b5a24d3741139f8aa991257715559010a
Automattic/monk,1846,1624,2,0,0,5505e62ce616682ea2a6acec0cd9af01afa69069
Azure-Samples/aci-event-driven-worker-queue,28,6888,2,0,0,14b02f31c7c9b38b2b80b983fd79c39dac0eb6f2
Azure-Samples/meanjs,31,9321,35,0,2,04823789d4f7bf2ab7cefb5a1bc951e3fd66e5df
Azure/blackbelt-aks-hackfest,220,658,24,0,6,993d91ad09447867398d791c4ce2715c0df8b739
Azure/build2018-container-demo,12,802,21,0,8,48d586674e41d501791e3e1b7a0b0fa022cf02bb
Azure/kubernetes-hackfest,297,125973,24,0,10,23012d6c823f7e5225a3fe7638c186ad87fac783
BCDevExchange/BCDevExchange-app,24,13966,47,0,5,059b0de8fa74f1b69b60f875d57b42794bee9b8a
BangumiMoe/rin-pr,34,116056,227,0,0,9e12def63fff99bbd97b2385d3dee85acc18b3d0
BatuhanK/BeyinJimnastigi,27,1511,5,0,1,4488391a10400df8496329044f537836168b79f1
BitTigerInst/ElasticSearch,30,1103,6,0,1,b30799edea390a94eea5d3e8761306b4e71ad41b
BitTigerInst/wukong,13,10227,3,0,1,714e36744412fa207e0aec7e9d61a65d5c1f71c5
BlackPearSw/fhirball,27,6248,15,0,1,709ca1824d17a4e32e399dc505702bdf996897b5
BotBuilderCommunity/botbuilder-community-js,104,3427,5,0,0,1ce623ae4ca7a45f9bfab4af578b2498a7a26b8a
Botfuel/botfuel-dialog,101,8518,8,0,0,5a351a0ad01388b5745865d79c89ba8f89dcaf7a
Breeze/breeze.server.node,49,31189,8,0,0,b62e43f195f4a89268f51e13b48b82e802e2b3b8
ButuzGOL/gss,11,4523,7,0,1,8e66991f1833b6c0c5e63b1882c60304fcb1418e
CMU-Robotics-Club/RoboBuggy,24,3076,15,0,4,9465dbfe6afab721145a215b1f5e2934d3a7704f
CampusHacks/Smads,11,505,13,0,1,a13c81dc4c35c0281a6aa9944a3f80a69a480589
Cedric1996C/DCOS-Auth,30,7043,14,0,6,530f29524c03327ea4e2eeec83959e2dd599eccd
ChrisZieba/LogicPull,401,38351,186,0,9,adeecde20fd4320f678274344968b0496959eaea
CircleCI-Public/circleci-demo-javascript-express,125,1662,6,0,1,834df8311382d2ab9277b1424cfca5d68977b26a
CiscoDevNet/flare,16,47808,63,0,4,def72b74961a27c441f31039b4c3b1c61a870f1d
CityOfZion/neo-js,72,2424,47,0,6,ccc7eae8924c98f051486ee7cdb5f415bf1c392c
CivicStack/civicstack,37,4057,45,0,6,c63df4d39eb81e659ff4265c75cb6e076ebd32ef
ClickSimply/Nano-SQL,774,3672,12,0,0,af74705e3fc4be6e65c0e4044f7dc7c5b745886c
Clouda-team/Cloudajs,903,20303,7,0,0,cc81ad0a2bf1a9858faefc4c47539df13ac55f1a
Code52/saywat,45,70109,13,0,3,96c0a7a84663ca4f80ad8640a74c6a916c94fdf9
CodingGarden/trello-clone,95,885,2,0,5,c5c998cfb51274f9da1b925041e7bef0624fd1bf
CommonGarden/Grow-IoT,25,6182,22,0,3,d5e3746ef7b4633c002c7b89636e43bdc6d08905
Countly/countly-server,5044,255799,1616,0,0,06b985c66ce8150a6025d50cc1c62ff00c8afbee
CrypticDuo/Qube,15,3870,23,0,1,239f797df1de68d778f25ef7ea0076695bce94b0
CryptoLions/EOS-mongo-history-API,52,564,7,0,0,074186571e2f90012a334b44489b24c421ee46fb
CryptoMarketMonitor/BroadcastServer,19,566,13,0,4,ef0f824b84941765a2fa53c08b046ceefadf532d
Cvmcosta/ltijs,204,6879,72,0,16,41b47d6e13004fb453a95e0ce00670e5c50de629
CyberCRI/KnowNodes,27,82416,3,0,11,77752a7ad4c9349bef1f70c94f8128afbcd44e1f
DaftMonk/fullstack-demo,272,1816,25,0,2,a78b57fdc2eaef52e705b0972a22fa5f0933a59f
DaftMonk/modular-fs,13,982,8,0,1,05c526fbeca989adbb0658b697322334ada26240
DanWahlin/AngularJSEndToEndCourseCode,11,74692,17,0,4,12cf7f9f1213e481fa1c140f761e7e766a555845
DasWolke/discordbot,27,6991,171,0,5,ff49ef732c5a6226eb45f69a1182d7877c0c8596
DataFire/Integrations,132,31095,6,0,0,56332a12c8011cb27be25e3173a0f3b3729c08da
DecenterApps/Extend,22,36602,6,0,0,908580fd1193b46d946d42fe045a417205ec7dcc
DemocracyOS/bill-tracker,10,1026,18,0,7,557433b1a53a0370abf3d3193f3508759e1594c7
DemocracyOS/democracyos,1757,17512,136,0,22,ad8627d2b6ccfcbe41941ff6f6bb3f65dbca0a11
DemocracyOS/hub,23,3821,37,0,4,e24da755347d1a649777da01a9b7fa7557ac2064
DesignOpen/board,10,593,7,0,1,d111ef88c78cd7fad3fed22c444d71487bcfdcda
DimiMikadze/node-redux-auth,177,1211,30,0,2,388d5985a89df83a86c5fa6c036a8a88145fb1a9
DocWave/Doc-Server,14,1929,9,0,1,d253d62e27c0e3e3210e1632af10919f3ad8db47
DoubleSpout/rrestjs,325,123303,19,0,0,2e45593fd2b91bcaf84ee025679df6ccde05e3db
EOSIO/eosio-project-demux-example,89,821,5,0,2,288e795b00575acb16ea217beae67aac15f26604
EQuimper/nodejs-api-boilerplate,411,1648,23,0,2,cc702d73f14aec7e3eb88547bdbb2837ec0d6d7a
EasyCTF/JS-CTF-Platform,18,9148,22,0,0,0a228a4da3b7380d1682ee3dda59695815ff9a86
EasyERP/EasyERP_open_source,197,487631,2196,49,108,693c2531b8bcb110c4ab8ef649895a5f47c3aed8
EcommEasy/EcommEasy,54,10483,222,0,0,e97b3a38033d0931fdf9270c2cd5e8f9e512457e
Encrypt-S/NavMorph,15,2935,16,0,5,cd351e42a6a8266e4c7e7a4996fc304aee9510db
EthVentures/HarborApp,19,796,26,0,5,979a00b4f623d0c06db13f69e3c4161ddb1323af
EthereumCommonwealth/clo-explorer,14,13087,87,0,11,7999c5a9cd3ad263d7ac22c36e8d91454257ac87
ExpediaInceCommercePlatform/cyclotron,1561,4192,120,0,8,5480cb3dde277822855cb605338d0ed6538c1b66
FREEZX/nuke.js,25,1720,14,0,2,87a5fb2add9f87439dec860f7fea5dcc81c54e04
FacultyCreative/ngActiveResource,254,7363,1,0,4,cb246e855ba3e48275d5c1ffc36b9130805c80dd
Fcmam5/algeria-api,67,1295,13,0,2,3cc662cb655fe3ad31e466b3c4a94db6608f44ba
Feedient/Server,12,649339,89,0,7,060184240f6028b4f29a76d884df9345561878dc
FoalTS/foal,1678,2930,7,0,0,b6987dae50eec7417ab5d3903f45f0b67e95a7a9
ForestAdmin/lumber,2074,10402,10,0,0,d951e93ff075fc81c79142b296a953a9f06a330e
FreeCodeCampChina/freecodecamp.cn,36495,32985,11,0,0,b09a3a0dec1fa0b0620601a705ff2e9b97564f97
FrontendMasters/intro-to-graphql,191,915,14,0,3,8aad15c5ced6e248b48fb3f8eecbbaa0e8ff5dcd
GetStream/Stream-Example-Nodejs,93,3883,26,0,4,0cef6ec2c89a17041ba2102205f1934ef508c546
GetStream/Winds,8708,23827,255,0,15,23c0e6d44cf57d65960094c5b238820e502b16b1
GetStream/stream-node-orm,128,1251,3,0,0,fd4787e661ff582894387747e9bc1d679ffd8b03
GiacomoSorbi/Katathon,18,1042,15,0,1,e9c0929ae67c6f6f2aba771d3b8e96a2edf82cea
Gingernaut/Robot-Lawyer,36,2789,68,0,1,56b86ac86c900f076f1a49d14961e92ed1b66adb
GitInsights/TreeBook,13,3233,30,0,2,d1d27bbe385b564dd45def0d70c4c1efb21bc58f
Glimpse/StickerApp,29,2773,4,0,0,fec3a6ab992ab8ac1287be1321680640c25c1145
Glyciant/PurplePlus,12,14256,84,0,0,e954ecf4bab646d218d337a6eb875658deb8b4cd
GoogleCloudPlatform/cloud-code-samples,339,10703,4,0,1,92a37d007ffe7c0b976f08f3dcadbcc9d5eb8c2f
GoogleCloudPlatform/todomvc-mongodb,41,110320,8,0,0,8482eca24c60486f6bf5734cac020fb20f589dd7
HabitRPG/habitica,9462,110836,756,0,21,55cf2f97956299c83109506a4204394a09fadfa1
Hashnode/mern-starter,5146,1818,6,0,1,7a8d9d7e035bf8acf643a3b8d480f2b4ba5ff5d0
HeadingMobile/fabu.love,940,4799,122,0,5,ffa43742bc001fdc6dc7c423c7b6a4a43fe54c03
Helpmonks/haraka-plugin-mongodb,27,1592,9,0,0,13b72b7d34260acfe3d408184b4624fee59d780f
Hendrixer/ng-home-Google-Now,19,538,3,0,1,5a5850c01d656a8162abc4b19c2edac875e1b3ba
Holograf/Holograf,26,36386,1,0,1,6c563d2d4764d8426ea87636f193ff292a2a504c
HubYard/HubYard,43,3937,84,0,0,dd9676a8d35e186f8aab0f1c7093bdbe64a84802
Human-Connection/API,36,7151,6,0,25,8f0edaff90da046bd0db34bd77f0ead7ef336d85
IBM-Bluemix/todo-apps,201,857,6,0,0,7fe555c90e16f4733c39c5a1cdf21cef870828f3
IBM/innovate-digital-bank,132,1880,20,0,4,0124b738db8e3715898df955c3347672737ba8f3
IHTSDO/sct-snapshot-rest-api,58,13225,41,0,0,56e4893cf7883373817739360d595ddc36bd7301
Inist-CNRS/lodex,45,66209,86,0,0,a21a18c95cfab2ce90ab7bc7dad7bebf0e2dd849
InkhornGames/angular-blog,38,9092,44,0,4,113d002765734e82f27995c9a3157765fb1219d1
InnovativeCoder/Innovative-Hacktober,33,33232,4,0,0,e0daec44006959637061cf40553de2d81bcee039
IonicChina/nodeclub,72,33340,139,0,5,aa16ec04d9f4054ab8e90b7336b1cb4fbb7cdeed
Isithelo/Fraternate,134,37849,5,0,2,3b8dfb5c2b0803d33e93b5a8778ecef4e2e44b19
JCThomas4214/GOAT-yeoman,11,3586,21,0,1,9a3be12c26f7a9eafd5917ef948e54bb151d8d46
JLChnToZ/mcs2,11,11007,4,0,1,1e7747bb6657da911aa55391c1e1ee03d9b03798
JRRN/MongoUniversity,43,126054,41,0,5,c3a75e00177235b7182e3571abf0925b687f6afb
JakubMrozek/Zdrojak,28,18411,3,0,2,1141a64a4521003f8381e912b4d7113a86b61a44
JasanHdz/backendnodejs,179,881,6,0,0,bbe6573d3618107bf1b64b8bd21c73979b14d6be
JasonBoy/wechat-jssdk,655,4106,18,0,4,4a10422d6298d104d4ec6655a37219ebb5cba3c0
JavascriptBattle/javascript-battle-website,11,1263,1,0,0,bf7320539d2c94753d662a40afbcc7717d754731
Jerenaux/phaserquest,349,36021,12,0,0,4b4c322b4e6a45092752426c1b86cca2cb404bda
Jerga99/bwm-ng,70,805,48,0,5,ba45396e1f235b0cc6d615d2ebfc4418f4edcebe
JuhoKang/bigpicture-light,16,14722,17,0,2,5ed2c35994d22da4fa14445e08030a639d633e95
JustFixNYC/tenants,15,39473,106,0,9,965c63056312564efaec473aa916f21c7b34f38d
KIDx/ACdream,98,19220,134,0,7,516798071f31c04ee1cfe8881fe509de931b5dc9
Keanux/keanux-personal,54,700,9,0,2,2101f958dec0569407a8c85d537dc0590c7d048c
Khaazz/AxonCore,73,7847,9,0,2,a18b0d60fbffe2cfbca3a1886766443da7151b94
Khelldar/Angular-Express-Train-Seed,103,15919,4,0,2,d67b9e8e63e95ad14be6eb31d7ea9a7d7a82714d
Kibibit/achievibit,123,4040,12,0,0,727415636b31e44079b4cc16c6352ed50741fbd2
KrunalLathiya/Angular5CRUD,34,6891,7,0,1,4ffd5d12a00098e6b28bec3f602518daccdcf052
KunalKapadia/express-mongoose-es6-rest-api,2866,571,5,0,1,247fedde56e380fae720ce65ff65a7d0b034b3e2
L-x-C/graduation-project-in-mean-stack,20,759,14,0,2,79ca5327c0f1eea8249e693e3efeb7b244423583
LFeh/chess,47,11268,9,0,2,b33838a612f504cff2289807b533ec5bf57d1336
Lambda-School-Labs/CS10-restaurant-pos,98,10952,66,1,6,d03dad6c2a6e6d4c86587e389d4e524e6a04cd95
LateralView/mean-skel,13,1405,9,0,0,3ddf0185ebec27c68855cf5646eff45207e0b508
LearningLocker/learninglocker,500,60739,144,0,37,5fec948a823e372e740df521aa3684c8df1dcba7
LiamKarlMitchell/InfiniteSky,26,38074,20,0,26,b0b8f74faeaf63f270bee0191462a0b8394c9a4d
LiangCY/MovieTickets,69,1068,43,0,3,00697297676ad28692a2da1acc50bc78d6ce8c49
LocalData/localdata-api,20,10964,93,0,7,bc7007416e31e60fb8e29c2647d4204e42a4a77c
LockerProject/Locker,1068,52687,1,0,0,cf0c12e25e2a7fd33c7274a5d8bc144de3b65fbb
Logicify/nodejs-sample-task,13,1255,4,0,0,34794488eb73ca59bd5728901b993ef8c350f911
MMODM/mmodm,40,1429,7,0,3,33cc3f95ee9cb33f5b30390874e6d8b3ed5861e2
MadhavBahlMD/Node.JS-Begginer-Apps,13,2302,11,0,0,7c244f6bba6b5ba6ccff8cc7f8a2057d844acfd3
Manacola/msbotframework-mongo-middlelayer,36,175765,4,0,0,115d84ad3448eb9d0e1d4db85c95d0289c6f46f3
MapContrib/MapContrib,64,22243,82,0,0,e4a4957ecf9ae28135aa1aa9c03b72485034ec71
Marsup/cube,14,18128,10,0,0,e05e2ddda581e68f51b195b69aadec39de512674
MeasureOSS/Measure,155,6055,4,0,0,cc1040c46b035d633ece22e664cd1b5f848ed435
MenuDocs/Meda,13,1083,8,0,0,f155807d30987b4f3932f21b3bdc00d4a382890d
MichalLytek/type-graphql,7516,713,10,0,0,8f6c0db3851134f265e52a444bbcd1b680a03770
Microsoft/ApplicationInsights-node.js,280,1745,10,0,0,c060888eb97d6a8d55366ebbfc49243f4f2794c4
Microsoft/WhatTheHack,1250,121622,13,0,4,b5f45db03b5e45e473e0eb72e0cafbcebd2a9ac8
Microsoft/ghcrawler,344,10190,8,0,0,58a7827a24568cf80859e064d5c97483c14735a8
MissKernel/Misskey-Web,11,515,23,0,1,0d27a1651d9a3adde764845b9098f19593b0d09a
NAVCoin/NavMorph,15,2935,16,0,5,cd351e42a6a8266e4c7e7a4996fc304aee9510db
NREL/api-umbrella-gatekeeper,23,7729,25,0,4,d920be71183bb7b4b24055e41a975b8192dab047
NationalAssociationOfRealtors/reso-api-server,16,1689,9,0,0,a3f3629830b485a51c30c38ab7bb8f1e5e66b88a
NetsBlox/NetsBlox,62,31738,157,0,0,88ded9062d39053caff160a9346a72aeab10d16f
NewSpring/Heighliner,13,19556,19,0,1,8d95dcc29aad192238526d70c326967a3cabbfb5
NicoM1/slickrock.io,10,8240,106,0,0,774ad729db2863ff47c9c71ce53308af1c5fbbb4
NodeBB/NodeBB,13075,91249,259,0,0,26511185acf3042a87a9f6003e15185d83e51c58
NodeGrid/nodegrid,25,2659,58,0,1,d90c8a32f1a180d61b914a91d3d23f1ef7476bc1
OWASP/NodeGoat,1655,2820,6,0,0,e2dffdb8c7e988c10bacdccba14d6f0d352c5090
OmarElGabry/chat.io,1412,623,23,0,2,082952e527a2f47f46341e0a6636f29d140c2abf
OpenNeuroOrg/openneuro,72,13038,141,0,26,ca081ea2593e64f1d0373616d72f111fecc10063
OpenSocial/activitystreams-server,18,3810,20,0,0,8c36ba7083acf3a5378484c0c1595d6752f9fd57
OpenUserJS/OpenUserJS.org,713,12409,198,0,10,120afda3d2bf8389f768288725fdc5793a39e4dc
OpenUserJs/OpenUserJS.org,713,12409,198,0,10,120afda3d2bf8389f768288725fdc5793a39e4dc
Openroadvietnam/openaccounting,24,149718,5,0,101,479f563ab9da0fc0f57728496f9b5d7ba94a4c8a
OptimalBits/ground,100,11972,4,0,12,03bbdd1567752255b79b00ba722c9b435138cab3
OrgCurrent/Android,37,45097,8,0,2,7b09d2c4b9a7cba488db3b60519ae8af0ea227aa
OrgCurrent/webApp,40,6572,39,0,5,7b06e014134b801aae326d1f07d76f135858cd17
Originate/exosphere,16,1859,18,0,0,a3cf7bbee6ed5557b8befac4fa0d8c3266680135
PPAV-inc/PPAV-crawler,132,1023,4,0,0,945626224e746c3ae11574aaff6afb94599a1a52
PacktPublishing/Angular-Projects,113,5318,6,0,3,655bd10b2480a810855ed0a641fc85f2540afd91
PacktPublishing/Node-Cookbook,43,5400,47,0,0,19d215f7c3bb4d15054f5d389a306099ebfc82d5
PacktPublishing/Node-Cookbook-3rd-Ed,141,5400,47,0,0,c3d1082204faae2ab26d72ce77d4b877cd0f92a3
PacktPublishing/Practical-Internet-of-Things-with-JavaScript,16,181760,231,0,26,14d0d02081efdbd9d6ee0e9244e0ffb0c12ff280
Panoptico/NetSense,40,6948,60,0,3,78d25d51b4ceabf78f5dfdcd3674228dc75a4255
PartidoDeLaRed/democracyos,12,8829,100,0,13,a9456ab3697e62c80fc1661492b746a960f1fa70
PebbleFrame/hacker-news-remake,17,66401,8,0,2,125eaa97591bb2bb28c8dabe5ea7226c5419077c
Pickle-and-Lime/Otto,14,3036,73,0,3,44c8f19bb78f7309a0c0cb49b6bb2f7d67b0ed12
PierreLeresteux/timesheet-nodejs-mongo,20,22094,54,0,0,045faffd77f35c21d625455915eb6963e4212097
Pita/ueberDB,250,3190,8,0,0,7bef202597018bb2966f9f1fd00931760eb6b979
PiyushPawar17/course-catalogue,29,3451,25,0,3,c0a539b31c4e1328f2a847852281107645bc7d05
PomanoB/lsse,18,6980,17,0,0,a2e4e834320a8b5b22bc46e655fc2f8a4ab9be2a
Popcorn-moe/Api,12,1612,83,0,0,3c69eba0d6f789f83ded4590f2ce699ba9716479
Power-kxLee/wxim-vue,63,14733,22,0,4,46519167401d0f9a3951573e2350c47386f6b430
PrudioHQ/prudio-chat,17,1377,2,0,2,0143ae0a596ff8fcc92044015f24e76fecaf747f
Qlik-Branch/branch-resource-library,14,30067,60,0,16,b69a6819246d27ea5039a4f689b410e3eab02728
QuaNode/beamjs,18,2587,13,0,2,ffaa6835da6d9a7c83dfc44087df1d4606b0787d
QuincyLarson/freecodecamp,46,43955,15,0,0,044ce10d13b9266ef73da103b03c9ba1eb39840f
Rahul-Raviprasad/Library,15,7593,27,0,4,d463322f4a4c942a9e6ae8a905ff33cf52565e08
RandomAPI/Randomuser.me-Node,1142,4161,12,0,2,64fd050d99e1242a9bf219810bc54ecbdc1d76fb
RayKwon/gistcamp,18,5347,40,0,4,c86c2a3aa56d0eef20a6558180fed971a1ed8c33
RebootJeff/phone-tag,25,1714,3,0,2,8ad1e36102291492691a6aab55ec95bb334ac302
Relief-io/relief.io,14,7693,5,0,0,cb28f293a4a5ea228b96e3ea1465c7bc4f6bf3af
Requarks/wiki,19203,19209,14,1,0,b5b4b0880ae26f4b137242267b6674b51af8688c
Requarks/wiki-v1,103,5472,15,0,6,33a0cec764d32c1b8bedad30497b595fb231c9ff
RicterZ/nichijou,19,973,30,0,0,d80e03d1012a9d8c4ed2196ff51981aa08a2b2e3
Riim/Maraquia,31,1054,40,0,0,d10abd819dc660ecd35efa9cc37aec0eeea9456f
RisingStack/graffiti-mongoose,385,2962,4,0,2,414c91e4b2081bf0d14ecd2de545f621713f5da7
Rocketseat/semana-omnistack-9,264,721,12,0,3,bfd85dbbd0f26a5fcf75975346a73e46e34546fe
Romakita/ts-express-decorators,2313,1807,22,0,12,d4eb4d5feb8a35904295865c06e0cc2b9568e71c
Rostlab/JS16_ProjectA,28,5845,14,0,14,300a0386396d10a67ff41efc3d1e2f99b58677e3
RouteInjector/route-injector,12,7886,92,0,1,237c9d382bd9bc3add47168585c024ea1da93932
SFDevLabs/backbone-bulletin-board,27,898,25,0,2,fa046daeb85f7cc2af4de6e1d98e76cb8954571b
Safecast/GeoSense,17,224635,73,0,5,19d4c01999a06c061a94f7d9a6c98d2916e44526
Samnsparky/co_opencampaigndata,10,3072,9,0,0,7ce545f189a9b2e456fb71f48962832dcb13383f
Seneca-WEB322/examples,10,731,3,0,1,5f2dfda0d86969a27afa14e9c7a3ccaa434b1526
SensitiveMix/commerce,54,139559,251,0,26,ab5ad24483bfea30c4ae6dae354376f49f25f4b7
Shikkic/git-dash,13,4356,4,0,1,5d2ea325c206409c2d065336bd221def812f397d
ShoppinPal/StockUp,55,20871,200,0,0,a40479489b6d51841eaec059a4efa0ef0683fdb7
ShoppinPal/warehouse,55,20871,200,0,0,a40479489b6d51841eaec059a4efa0ef0683fdb7
SidLeeParis/sidLeeAgenceConnectee,82,2228,9,0,1,3b54283d7459cc14e95087d543311ea59126baff
SizzlingStats/sizzlingstats.com,25,43170,46,0,4,d9deb9774b638f062d1e1902823531b9022c6caf
SoftwareEngineeringDaily/software-engineering-daily-api,87,6496,133,0,16,0bcc2a711b5e0130854e7885acfae2706ad86d55
SpeakEasyDoc/speakeasy-doc,12,161568,5,0,1,92cd71c107f5b9a3db447300fe942901102f3339
SteinHQ/Stein,796,945,20,0,3,b819b3d80bc2e749fac6d1136c6a242d172527fa
Strider-CD/core,10,2809,33,0,0,ac22b8a3c5a18b5961c85c227069bb87c8f4200e
Strider-CD/strider,4578,159863,254,0,14,5287e2dec457b26c1694c6d08482c872e4d06d3c
Style-Validator/style-validator,64,36039,3,0,0,236ea0458262f07b106ed8562967099ef40ce41b
Swiftam/book-node-mongodb-backbone,276,3734,16,0,13,4e7f58acac03432ca49f9003ee90a0817121b64b
SwitchbladeBot/switchblade,395,16804,3,0,5,bf62298046d09a7acc9501cbfed2ef7238d0d0f0
Sword-Anchor/SnapIt,12,2388,25,0,2,654442f465a01ab61e7dd6f44978f6770fbbc9b1
TID-Lab/aggie,63,47959,183,0,8,a9d5becaff3ea90720ea7213c80825e253b8a730
TVVT/Zero,20,26969,2,0,0,a4d88dcaccdba80eab8ab942fbfa87e6ecf50e6c
TakeshiTseng/Seating-List-System,16,947,21,0,3,ec58d576cec1c93584ae73449eec8d7db840ab7d
TechEmpower/FrameworkBenchmarks,6712,7535,52,0,10,5f3a4b7ce69a1c9afeb085fdcf02e16a8eb60048
TelerikAcademy/Web-Applications-with-Node.js,21,53697,37,0,12,13eacc3b856ebf5452bfb2e89048d9bf4119fbbe
ThalKod/DropIt,378,3304,10,0,2,2217c83d459ea9dc780774843edc32697e74ba4d
ThalKod/discord-clone,137,3328,43,0,3,9bbf815dbb6257cc359541b3162c2e90586d1024
Tiledesk/tiledesk-server,162,24059,462,0,34,c1abab015262274f44134f26dc9a5dbdb23ef506
TimBroddin/cryptocoincount,45,4708,4,0,0,74daf6af8cd1413b9c50d7ffe49eac79239149b1
TimeMagazine/babynames,549,775,2,0,0,52c21d0dd8930e610fe964b36a3490ebccfa0d98
TimeMagazineLabs/babynames,549,775,2,0,0,52c21d0dd8930e610fe964b36a3490ebccfa0d98
TobiahRex/nj2jp,46,85524,147,0,18,4df36f5e4a9ab7180115bbec96655d2e005ae1c7
TossShinHwa/node-odata,350,2402,1,0,1,7779d556367088c8918d00d4d772c9d1d7e54237
TransitPal/Commutr,37,40124,8,0,1,d9cc5a9c26474ea737cbd4a4589cd5cb33792b4e
Trustroots/trustroots,371,53564,326,0,14,1050a80faa19c1bcb4157182713eb7ea72104bbb
TwilioDevEd/account-security-2fa-node,25,791,16,0,2,c224e28805e0b28808718c378d9108e82b71e542
TwilioDevEd/airtng-node,45,665,17,0,3,a4ec066ba881e99782c79bea65ef6764bc5d0e38
TwilioDevEd/authy2fa-node,25,791,16,0,2,c224e28805e0b28808718c378d9108e82b71e542
TwilioDevEd/survey-node,38,3181,8,0,1,50c3874fc110546758bba311175e0471a473b3d8
UdacityMobileWebScholarship/blood-donation,13,843,6,0,2,b7309fb2fe87eee070ce1ec1f02b0d39eeeb9f3c
UniversalDevicesInc/polyglot-v2,29,3889,78,0,6,653ceeeb0d1ff83935b9451e1787bff6ca2a6cce
V-Tom/vue-blog,54,6889,35,0,0,ea5c9cc804339d939e34ff9dd4dd47295d9ff1b4
VandyHacks/vaken,42,692,102,0,0,cff43f1d17ec51781ab1592327241c1e1ca007fc
VassilisPallas/mongoose-fuzzy-searching,121,1791,1,0,0,b7c0f1e6c0d7f9ad174613010509df5b9b7b9ada
Vikrammel/EasyTrage,50,2297,12,0,1,380f02a595c6f384ac7b98879eb67147da42040b
VineRelay/VineRelayStore,16,9163,14,0,6,a0f2ca2a415ac4d0373651eb040ec94b02d508ab
VinylFox/baltimorevacants,12,2659,30,0,0,6f7b3f1e3ca45616823975c3e7c8eac751653ad7
Viveckh/Veniqa,1017,9178,137,0,58,0bee6a8670b596193681d85e219fc93a47e5ee06
WeAreOpenSourceProjects/NodeAngular,13,4675,39,0,2,976836bc8f1e069b090e8880761d3cde0efac19c
Webschool-io/Politicos-brasileiros,41,44419,1,0,0,d051caf7e870559e531b9beae66db7a9757d1c1f
Webstrates/Webstrates,203,9593,15,0,0,6d971bd64cbf6bb5e3b266261fab3b3567029e0a
Workshape/mandi,34,2687,1,0,0,2726c8a53bc5ec6e9e505b71bc92b47cf4c82733
XimeraProject/server,54,8435,88,1,7,7c820599dceb90656aaf5c18b16849fa828f7d8e
Xorcode/mean,33,795,25,0,2,b91a2103ff369a504806cfaa9cf2ad3f6db28db8
YMFE/yapi,25382,34435,223,0,5,ed6771a25a5437562f6a7c277d86a778436a0769
YappyBots/YappyGitLab,51,3309,6,0,0,af7b88a5d36c33d66e919f726209dbed3afa03d4
YappyBots/YappyGithub,65,4767,17,0,1,51e0c72038646099433304c4a729235f09ef076c
Yoctol/bottender,3974,2924,4,0,0,c4162edca6f5fd335ec12a636ea4d2e57776669c
YourTradingSystems/EasyERP,59,142650,1,0,22,07c8caae136cedd2108c07c43b9a81da26ccb030
Yurifag/anisync,19,2755,43,0,3,aacab67b8a3fc971f63ede5125948d53491eb1c6
abcdabcd987/p2dv.in,12,3011,38,1,5,ab9487479b1a8f8810a43e1da53ae51b76aec635
acetcom/nextepc,1015,7944,4,0,3,110a63fdfadbd18e302f3a4b06ac0ee85408bebe
acm309/PutongOJ,174,5152,106,0,9,4767d4cb8481978bb49b4784baa3522d1355f56f
acmeair/acmeair-nodejs,102,1948,14,0,0,11fa31ab5cd21ca184f760680e8aecc52ef4286a
adaptlearning/adapt_authoring,468,54062,11,0,1,7ccd9915b5611e9e1fac0e9c7e4b700a38ee9613
addyosmani/backbone-boilerplates,490,13099,17,0,3,23aea6bb458ea643d364a08a67b5f90f22ccc610
adrianbravo/jukesy,17,8288,27,0,3,c1d60d78c11ff006f72cce4da49ecaa766b8b467
adunkman/deployasaur.us,11,869,31,0,0,e7f1a4883bdfc291e8bb291c2ec55068181afb8c
aellawind/job-robbers,47,1077,19,0,1,a57731f48e5d18b282808869165ec9a35ce223cd
aerospaceresearch/DGSN_bigwhoop,23,3777,18,0,1,5976ffa9c6a3b225b65bd5cb81dc6409a6e3e3c4
agbilotia1998/Lecture-Connect,22,456171,2,0,1,826f3c5a4d7c2c276b647c4d6392c5fd151e4914
agco/hapi-harvester,14,4490,16,0,1,ba97a563df934cffdb990250e81ad5f23ccc1d2e
agco/harvesterjs,70,6624,24,0,1,b51a71436cede45e33a63f1a59996c32749d45ea
agenda/agenda,8568,2607,22,0,0,6ec531d2040553a8c24055374f22cf7bdd024bbe
agenda/agendash,717,2240,8,0,0,308e7debc4474e4302ea87d353bca70d12190f3b
agmen-hu/node-datapumps,283,1620,3,0,0,692bc051eb84f86ada9f8d9efab8dd951cc4429a
ahkimkoo/neocrawler,148,31209,3,0,0,337259b53873090161490c5b1ad4d41b52ee73a7
alabid/flylatex,764,150089,43,0,4,2325bd30a0ca4a47a40da6e077577387ace10dd0
alex94puchades/jsonapify,63,4104,15,0,0,4bc5beb4e73d736067b1cc140158cd91a27ecdca
alexfernandez/package-quality,312,12827,28,0,0,e3dd30bc55296cb0c30a86769fbfe78c5c421897
alexyoung/nodepad,752,1090,16,0,3,68357e774e2c971b39f9dec343a5c1c763d76401
allcount/allcountjs,409,7724,30,0,0,695f873c0ac0fe39be5e0a89952750d7453133f6
ambrosus/ambrosus-node,42,17729,28,0,0,e8168016c533ae1d2f883de1143c1447e0a16204
amejiarosario/meanshop,150,4714,18,0,5,305a189105dcebc7520a9875c119b4b3e4152dbf
amida-tech/DRE,35,31513,46,0,6,5ad84738b9c47d5f262b7205e633ada06a2a0e25
andrewvy/slack-pongbot,78,2876,29,0,2,14627ce191a1374d7792a613d387e8d8fb4a4e85
andyburke/grmble,12,6362,33,0,6,2995f58984b3788bbb49ff4a81b165ffd8af5611
angular-cn/ng-nice,192,70709,19,0,4,85f9118fa7c10395eb01b019ba57680805897efa
anikethsaha/Ecommerce-Full-Boilerplate-With-Admin,131,36436,174,0,19,f6e7f9cc9b23135d9c5fdb340b450a826715f6f9
anshooarora/extentx,103,4408,50,0,0,aa7b56a11b95df16c3f9343879112c92b1323eca
anticoders/gagarin,152,6368,7,0,0,4f06bbff4221d8e75b73026b638b003f11821fa5
antonshevchenko/pager,225,155799,5,0,1,0a03221ad14af0f8ec0b76c99a516fde407663b4
antoviaque/backbone-relational-tutorial,75,10303,10,0,2,f9fe7f4b4d50510fd815ac92d5dd6fc1ae043d4f
apostrophecms/apostrophe,3920,36124,2,0,0,aff7d4b1f85640a8ea37b7d34ec53e4af0edef36
arackaf/mongo-graphql-starter,421,18945,12,0,0,49dca2c69d2959a796870fae5c8136e5fbca984a
archivist/archivist,143,55724,143,0,12,8d7f6c799e23ef0d392f190b146333ce0b8d5a20
aredo/express4-bootstrap-starter,320,9423,47,0,2,be2bbf11703b479a4e79d5ca1d52aec102012863
arthurkao/angular-drywall,109,9336,10,0,9,e09fa8561c510faa307c23a1bcf0a64f3a38a17d
artursgirons/beyondpad,142,71956,65,0,4,8f6b83ebd523545bd53efec79673d2cd5629237f
arunoda/laika,243,1539,3,0,0,63199f900756a695aa5ab80341d0185a200c9403
ashinzekene/generator-nestjs-app,48,5210,11,0,3,6fa8f70e893b2c7ff2aaa766f81675279110d9ac
ashleydavis/mongodb-rest,75,1936,16,0,0,8941a6fa87938e085728ad3cf1c89d6993191b3b
asm-products/autora,12,2678,2,0,1,6c4a24b119d264a2904cd8598ccbe3fc5e2757cf
asm-products/minimal,12,2588,12,0,5,5f9bdefad5047478ec56b7833c31af1f26428c25
asm-products/octobox,135,24141,367,0,10,18f5202f5b429349ec0b7a45c5d7c53af6a36df0
asm-products/squall,21,4839,10,0,2,c6956b57dbb4de8bf6ec1d86853edadc06d8100f
astalker/nblog,21,1284,33,0,3,bb4382ed995de91d0af57cb16ed5eace229c5070
autoai-org/CVPM,316,844,13,0,2,2368f0e1f8df78cce568266e3c88e493eff1ac89
autoserver-org/autoserver,199,15586,1,0,0,932736713868a9aba81b2a97a5f31c7b83737a3b
aws-samples/voteapp,67,1185,5,0,0,6e6c934d5992f2d088107cb9d6a23c7d4adb05cc
axa-group/nlp.js-app,126,20850,10,0,3,caeecbc44f044e2cdd210a34768ce2d3d5540de4
azat-co/hackhall,152,4623,28,0,2,5553d038b97cb9866101d68301247e85eadcb7e3
azat-co/meanworks,41,53460,22,0,0,5046e228fd9e37a858639468746126f5bbce5cdd
azat-co/mongoui,579,10440,4,0,0,a226aa81e86b56ef83179bb955cd86711762c654
azat-co/rpjs,187,22780,4,0,0,1985ee00cabee499618d545d42095868b28e6ae1
azure-ad-b2c/samples,582,31141,1,0,1,2e3e3486346c17eb8955c3663504d5b1b838323d
bakjs/bak,30,1797,9,0,1,f69a310f2bad8adb70354761d06794212e1ba4de
balderdashy/sails-mongo,412,2730,21,0,0,02d3744d4568d126c9cbef5df764af1b2194ff7e
barrymwong/SlideParty,20,19978,6,0,1,179b812799ac441bf649e1af7155dd770034f14a
baugarten/node-restful,1315,1636,21,0,6,a018736a30b0979ea5f848258ba34549e60fc04e
bauhausjs/bauhausjs,16,46797,55,0,8,79fae949464e4165ef33c2a72be0fdf7b7bb1d62
bcoe/karait,98,836,7,0,0,ad680b9b9e0cacf69e676f56bf59f33df4936ee6
beaucarnes/mern-exercise-tracker-mongodb,663,633,8,0,2,49b3add872eba88db5744b3d142a92a3d7b7813c
benas/gamehub.io,619,135887,26,0,4,e60645f366cd33f895c5af70e7e26705b0b46fe6
benoitdemaegdt/TGVmax,31,756,30,0,0,338036224d28577b282b8329017cbd02696a6337
bertolo1988/flight-scrappper,23,882,2,0,0,f828d5c9a32347f34fa411207ce5e57849a8685b
betagouv/mes-aides-api,20,2403,37,0,3,5eebef33e70d5a7efc04fceef4770d487c90a650
bingblue/group,10,38084,54,0,7,8ad1d2c244bc6b07522fb0dff2ec325ac1253dd0
bingeguru/bingeguru,33,4247,8,0,1,f8f873cd85e3c1fb27b98f348a54adef8bc372ff
bipio-server/bipio,877,11638,69,0,1,a13b03e6f15748365015b6750e22c2e8d4ac0517
bitpay/bitcore,4464,127251,343,0,0,bed0702ff56ca207a09711fd2e2a2b75374b51ac
bitpay/bitcore-wallet-service,598,28552,103,0,0,750172ff7c508a41e612e5ca037094d967964383
blackbaud/barkbaud,14,1448,29,0,5,01c2e5f55c4da37da82f40527d91c5a85bf4105e
blengerich/GenAMap,22,9658,41,0,3,512aec681577063e3d68f699d19f53374e59585a
blockchainbuddha/one-click-dApp,240,3159,9,0,0,b31f0b39e1d6c198dd5a2aa14d8ca9f760d787e8
bnoguchi/mongoose-auth,745,754,11,0,1,054f5702470f2063f4f5927e433cb3678d658c93
botfront/botfront,714,45036,501,0,12,88126fcd27d5a818b50dc3a030b581ea2ba36fcb
bpdp/buku-cloud-nodejs,20,2418,2,0,1,a945b18153450f23fa85b30f2065acb4589320c3
bq/bitbloq-backend,11,5968,228,0,17,8653ce3f2ae52f7c2852e0761effd6e96c65e805
bradleyg/uploader,46,520,1,0,1,982a47c4d2548aceb7dd35f6ca23ca2cf2ccea81
bradtraversy/bookstore,232,28862,11,0,2,31087017b5d9b18cba407292693678b13587dd22
bradtraversy/contact-keeper,324,1259,13,0,2,cfd880c55d369bcab3a989ee937d52ffdfb9954e
brave/vault,17,1127,6,0,0,682aaa765fcee692bc304d424192e299f6381a5e
brave/vault-updater,17,2612,13,0,0,ab6fc286d631553f89a673ef6a6e836de13f63f4
brendannee/github-visualization,14,1271,6,0,2,325c23fc47e660f9fd96fd7ccc9720b7c2e9dfa8
brewfactory/Brewberry,20,3698,6,0,1,1b4526c33d6b7f5fa14e6153ac7fb00fc832e446
btouellette/concarneau,59,3656,66,0,6,83a55838ec92ad9dba2305d5628d9de226b9d9b8
builderbook/builderbook,3378,5625,314,0,52,1f38674ffbe491fc335fdf215a27678ab48c8cbe
bulwark-crypto/bulwark-explorer,54,4225,130,0,20,7fb8b91548fa3d829c3a68da261e9b61477cd1f5
bunkerchat/bunker,20,10207,173,0,17,d646aadb8ab97659ee5f28a520c05fe32de7a807
buraksenyurt/saturday-night-works,345,52007,11,0,2,c4aa91c8ad03c72df9b17f0e8f695d293b4c0a89
burakson/sherlogjs,475,610,10,0,1,019ec3a8b5464329d6fbe5c175fd1b26e3f82480
cagataycali/url-shortener,162,17398,5,0,1,dc96847c6d3d07c5f6fabe46bb77da27fde0885e
caomulaodao/yiye,24,6686,193,0,7,5b5b16fc49ada391f63e8b26656bd42394fdaeb4
capaj/Moonridge,65,4027,13,0,1,cc8119d1b7f278d59e8a114b9fa8ad34a4228c3e
cardsforhumanity/cardsforhumanity,92,2256,37,0,4,8aa5693168c7b39cc96fc564156e9f31b87885cc
cargografias/cargografias,25,111565,11,0,1,97ac77d273c4a5eb49990281ff81ef47983cadd2
carsenk/denariusnodewallet,13,1164,50,0,1,32acd3676343c498b11175fc5d2a340c7d667ffd
castlewhitehall/meanjs-with-token-auth,13,2606,29,0,2,13d52ed154d1096402ecbee848e99a715f2179da
cbumgard/node-mongo-join,12,847,1,0,0,4c10f07fb612c21cd2b69fd702c240fe10709f3a
ccchh/angel-news-hub,14,9702,21,0,0,15db72b93a797625110d824aca799e894088575f
cds-snc/elenchos,22,904,3,0,1,44a5224782135c90cea2f33a5c364f19c74c457d
cds-snc/security-goals,25,8855,10,0,1,c521322e5c49efba069144053bb440fc8ca2cd21
cedalo/streamsheets,397,232991,86,0,0,0a1df713edfcf94dcd888be8aca5bdd99e581639
cezerin/cezerin,2007,48808,197,0,0,af73bdbeb17ae75f0db9e59d092b5e9b90bbe511
cfjedimaster/javascriptcookbook,28,62516,8,0,0,9f52f0d9e35f3b2fadedd643a33ae9bf6153fc2c
cfsghost/lantern,106,4931,3,0,3,52de70756660f3a9ef339fd26d92a90a43721dc1
charliecalvert/JsObjects,21,566731,75,0,8,91c21bb281bf5d06895b8b71b11b822c95cbbcc3
chb/ccdaScorecard,30,21527,7,0,0,a6e6641dd529d92147fb330a381c56f6d39654c2
chejen/keys-translations-manager,91,5422,36,0,3,ce80c280b99092614cac193c6d65290e5522fb15
child-first-authority-fcc-project/webapp,14,5611,116,0,7,c6f66eb8f656f298fafb22fd4b49d0c631d76f7f
choonkending/reap,44,1376,21,0,2,8be5a9453a110855a6a90db31f3384fb97789811
christianalfoni/webpack-bin,717,57187,23,0,0,97c9dfe0f6cddba69b85ae4b0b7d03b5dc82ab4e
christkv/mongoman,29,7258,46,0,0,7b7fa9a3ec9dedbb91e94f7c338824e8d82e0ff6
chriswhong/ReallySimpleOpenData,86,1437,38,0,0,49c30a68977fcd9353e6bebf9dfae1a1f8ba4b1a
chriswhong/mtaMarylandBusTracking,66,3624,45,0,13,779ddbef879794aa31b2fe75a4686b2cb3513853
chriswhong/taxMap,11,25353,12,0,2,29b24d1b3af8bd2334996880b9deb8163bbdbb99
ciberch/node-activities-boilerplate,49,4696,2,0,0,8dc9561478a9ea705ddce807a55ddf86d3b16b9e
cirospaciari/jscomet,13,9399,1,0,0,27d35e7e84a00feb816e2d59d86bec77cd4c930f
civarINU/Dimiwords,10,1237,24,0,3,b77e26e1d0cd86325cc58f9f529e751ccbf53133
cla-assistant/cla-assistant,1067,17463,77,0,4,09a5023adc6c56a10d56e56911bc81e96d991282
cliftonc/calipso,1717,353172,162,0,13,a730b00c8baf9c71940e87a9c12b49b87939b45e
cliftonc/express-mvc-bootstrap,268,1575,9,0,0,4a6308d7da9e36eaa123bf6d60dc6f2b7ca737cc
cloudfoundry-incubator/cf-abacus,100,70309,37,0,0,68aad9e2d497335d3a2e0da736bb9f01fe54dfb3
cloudfoundry-samples/subway,10,3358,14,0,3,dffc772be24f099c151958634e5c87f39dcd942c
cloverstudio/Spika,607,4871,26,0,3,37de62b3829d8311e0c83bc8543e465e7961bdc5
clubedaentrega/node-mongo-admin,15,4112,7,0,0,9522fdd8f3ff30fe93753ece92f0aedb5050214d
cnodejs/nodeclub,9264,34362,162,0,5,82db4a569d472758bb2cac6630b979f5eb1c5bd4
cobalt-uoft/cobalt,99,4216,53,0,8,733afd74aefe95f89d0d8545855df6aa579fd79a
codeboardio/codeboard,47,12194,52,0,2,b26641fa62e6bbf22aeb6b5a63ba3d6aeb0f6f5d
codecapers/mongodb-rest,75,1936,16,0,0,8941a6fa87938e085728ad3cf1c89d6993191b3b
codefirst/keima,31,572,11,0,1,26358f89ae1b5e083215548d28cda1a072f8460e
codeforamerica/survey-api,10,4956,14,0,0,772737a54063d3565d877be1f34840415e0dc24d
codeforboston/pantry_pickup,22,2231,8,0,1,4c3193b34403912492df36929f20775b2e8d3965
codefordc/dc-campaign-finance-watch,28,69466,46,0,5,2e35134c8f34140f284cb18ce80451da5a62a6cd
codefordenver/Comrad,23,25749,210,3,9,4c114c5b1726263fe8fb3f4617cab8493d9df4b1
codefresh-io/cli,69,26227,18,0,0,b8191e181d30cf213af722b6c6bda61816403531
codeneuro/neurofinder,62,1248,16,0,0,112406b4d65a534436f84780f2b8a4efd52a9bb5
codeschool/OlympicsMEAN,36,13492,3,0,0,92e451cc5ba883aff3a0f7561e25580f57af834e
codeschool/WatchUsBuild-ConvertSQLAppToMongoDB,21,311998,13,0,0,81dfd25a880427f838a2976d835d25b6a761722b
coding-blocks-archives/DwarkaWebShowcases,13,15103,9,0,0,e4c7fa272e711b9c71169ed5aff0518370f33891
codingfriend1/meanbase,26,13155,19,0,13,6639e49f9c7eae7cdf5b4a1c7ff17f8ed9c0215f
codio/iloveopensource,134,4909,93,0,6,a3419cd770b0fa73db46941bc3cb96216ab10c31
cognitom/momy,92,946,5,0,0,cc95a747ad3ea29f2ba37544b0947af139b0b7d8
colblitz/YATTO,13,48627,14,0,3,d0ab110a0b3d7f64f64f82c10921cb5ac9094c43
colloqi/pisignage-server,272,7412,63,0,5,bc26753f8ce598df9d10ebdb397b5108529815cc
containers101/demochat,39,41096,75,0,5,59371279bd9064211d3daadb2368e55f5a05ad52
conveyal/modeify,64,115664,93,0,12,99e923159bb9d0e8724ce2975ccde4149b43fe46
cortezcristian/anyandgo,21,2064,24,0,3,745916375012cb36ac05fc1e94b446333aa6f595
coryarmbrecht/Hack4Good--Typhoon-Haiyan,11,97785,1,0,0,d8cfa5f95f3a002ffa54c1ad46416f3bf7dc5e2a
cozuya/secret-hitler,790,87614,351,0,14,4d14130c5173d5d5398047e1d7dc86ce73e1b5d6
crocodilejs/crocodile-node-mvc-framework,2197,4200,44,0,2,b2322efdc4b171969df2c62b9f3c2b20da97af5b
crookedneighbor/habitica-node,20,1062,1,0,0,b77916d2c1587f3f99649379989c0e9492db83a8
croquiscom/cormo,30,8325,143,0,0,e6c76dd17a613291493cd1ce20c279afb91a44b1
crowi/crowi,1080,892,175,0,15,745881d7cf6b93cdb850143eb05b6299c0f31fe2
csanz/node-expressjs-example,211,1573,2,0,1,c39963ab842d78fbcf0c87811bdc2bb9e6730fa1
csanz/nodejs-blog,211,1573,2,0,1,c39963ab842d78fbcf0c87811bdc2bb9e6730fa1
cube-js/cube.js,14185,70944,1,0,0,6e9f8fd6fa9bb4849d72e4d1f49a5340d96f285c
cubic-js/cubic,16,2948,3,0,0,9cf6f0599b359eb865e16da819a79c384e987f51
cvallance/mongo-k8s-sidecar,425,538,4,0,0,674e15b6987a3d20e5dc0086e0c389bc22830d65
cymruu/anonimowemirkowyznania,21,520,108,0,10,c11e8318d549dd9357d783e751983dec21076b1f
d-oliveros/nest,21,1409,14,0,2,0f3a56e1a276a95b864d5033fd0783fcf21f9c48
d3estudio/d3-digest,14,2006,26,0,0,c41c4e7af3f522bf5f0deb2838bbe185d65c7f6b
dai-shi/social-cms-backend,215,20651,57,0,0,a791f0ad2efb4059793c173294b671ab2511334c
dan-divy/spruce,475,13445,64,0,4,230a94979617f3a11f2eae722ed6717ccfaeec7e
danielfsousa/express-rest-es2017-boilerplate,2063,1876,26,0,3,6dfde84f4e11f78cf250ed98459a2eee602fa664
datatypevoid/ng2-mean-webpack,98,1055,22,0,3,39112fc8ddee3912fedb755189ef5c522f13f8f5
datatypevoid/vulgar,288,1170,22,0,3,bf6017fb2dd38d406b07a7b549680587f2d39277
daton89-topperblues/mongoose-transactions,54,1360,22,0,2,0d8a7772afd90cc2848cf1889c5c77bfca83cd84
davellanedam/node-express-mongodb-jwt-rest-api-skeleton,803,3627,70,0,4,5b2f0eea47d4e2a02c81ee91215f689c4a7688ae
dd-center/SuperSpider,55,2632,32,0,0,825651b7dff30d27fe4578f3f1f9e8010f0dfecd
ddiu8081/ChartFun,792,505,20,0,3,2fb08744268411ad5f84e107cd61c073cb69a63b
deepforge-dev/deepforge,751,40929,12,0,0,9e855545d81fcc44bc14cb72278474cb27e223f8
dekkerglen/CubeCobra,152,48973,674,0,20,262f37b75ca8ca58a8e1dc104e6c8dc1003cb536
deleteman/vatican,99,1724,5,0,0,ca7e234cfe1701a6d2ac457ac7c8b76dec6766c5
deliciousinsights/mongoose-pii,43,1524,11,0,1,2fc34b6992f363683a05552661482cbe7aff4bf5
democracy-os-fr/democracyos,40,17512,136,0,22,7e9b5199f0cb882d1918e718753f36c143b6fc7b
deployd/deployd,4993,46339,19,0,0,13eeee1e74c32ba0f9d73c051b89ca3427f45ab4
devconcept/multer-gridfs-storage,211,781,2,0,0,b0079c7c4e2527280705f87841c594bbe7d5397b
devexp-org/review-bot,21,4396,1,0,1,df35719cc070ba4fcf1f672f6f2da126653d1946
devongovett/reader,354,4274,67,0,5,8a419298e508dfe52e13b30f5fa3affdf1ed2314
devshelf/devshelf,33,4359,7,0,1,58cd6d46f104a1956b238fc2cbc1f0ffdf1116de
dgiul/node-swagger-express-mongodb,26,7422,18,0,3,03ef3feac5fc8004de66d12183eb9a5cc6626d69
dial-once/node-mongoat,16,1453,43,0,0,8efda2591a7cd6c4d00c7ac002de1ce7b0a36bda
dickeyxxx/mean-sample,166,568,7,0,1,f66d10d0f56193d9b043f191d8a82556b2be2bbe
didimitrie/future.speckle,23,153033,24,0,3,52b477df5bf6aa57f771678c8c04babc8b3849cc
diegohaz/rest,1727,2732,1,0,1,a126563ed694eaf1df35c7c24bfad4df6f08aca9
diki/nodejs-passport-boilerplate,148,529,20,0,1,114ae4737cdbab12adc5da50cd3e52f9aa52f67d
diversario/connect-mongostore,57,751,6,0,0,d3620a5c7505a81fab5bebddeaf76b1440c2fa30
dmarg/job-butler,10,83658,84,0,9,cd0bb314e607ae3a19743f3ce3b8138b66075cd1
dmolchanenko/RedwoodHQ,163,41403,381,0,0,e9c1fbf205950e2056f3bd74a86eadd19a5873ef
dnbard/brackets-extension-rating,67,4667,68,0,14,b07ba3eb4657a90e86000b9ec62d2720b44d2572
docker/global-hack-day-3,130,108170,13,0,0,ae1dc0839080c5d347691eae094d89c9031abc7d
docktor/docktor,46,6702,76,0,24,d0de57403543329f5254857ac63ccfee6c93fd8e
dockunit/platform,44,20650,45,0,3,f82a057beec90a66f4ea0b8d1d539bd1f65d4156
dongri/mongri,75,7159,11,0,0,b719cef36443c3b4b14acfd284f691035be84249
doomhz/daycare_social_platform,30,9638,10,0,13,f7feaee0340225d8023265eb2981775d0e1e1f78
dotch/angular-express-starter,19,801,25,0,1,e3c28b0de7a235387b75cb9e1c214217a7fada03
dove-cote/dovecote,21,9309,33,0,7,93d47c8169b3101e1f3cb0c600c3d99f16d96b0b
dozoisch/koa-react-full-example,627,1344,8,0,2,174015cc6bd476e4f9f20d2293cc0fcb8cdc13af
drabinowitz/Brainstorm,12,2154,9,0,5,de94d799826f55264d6d333caa8a38647e06a6e9
dresende/node-orm2,3077,19312,20,0,0,de42d1f1652dae7a5469e2fc3552c03f8d58f3ef
drex44/good-food-guide,50,2467,4,0,1,fa95f4542f82e047ac16eafb333c2a5556ce580c
dstroot/skeleton,373,133185,79,0,2,163a9e2ab067e402758007451b86396fe2e4cc81
dubov94/vue-jwt-mongo,15,507,2,0,1,d2cfe202b84f11ed25b78676a660309ceda8fcbf
duyluonglc/lucid-mongo,324,15208,72,0,0,6377e9d0309219eccaf4c9bcb9f56ee5b249e9f3
dwrensha/duoludo,11,1715,25,0,0,34e0eae7522c867899087f91d577fadf4246c915
dynastic/place,261,6673,82,0,8,e1f23601b2bf43530c2a7c2a9aec025649190aac
dynasticdevelop/place,261,6673,82,0,8,e1f23601b2bf43530c2a7c2a9aec025649190aac
e2ebridge/bpmn,448,13513,5,0,0,508959d8a5ccae2d388f223b1d8bc2c1865ff6cb
ebeal/RedditInsight,19,55050,23,0,1,efb606e51043c56cbd83164da947397c2deb694a
ebu/pi-list,77,21363,97,0,9,d8b0028404d103e1f3e55fc614ea99397768e683
ecdeveloper/node-web-crawler,105,606,19,0,2,e221022d9760d2cc94605d50c866ff42df26be62
eclipse/orion.client,225,321580,31,0,5,c78af9061fc5772cc77231499d85849bd18e710d
edwardhotchkiss/mongo-view,45,3676,14,0,0,77bbcce58f07936e4e3d61d36480a35f81b5cf83
eherve/mongoose-datatable,43,667,13,0,0,8a670078b274641c28f5a4c0fe3041c7c7527c72
ehmicky/autoserver,199,15586,1,0,0,932736713868a9aba81b2a97a5f31c7b83737a3b
elastic/apm-agent-nodejs,531,36609,8,0,0,1ce50f32182707ca0992f6fdceea8c0471a044e3
eleven-labs/Workbook,12,2441,30,0,2,9ead4a2544b74e22260890ecea5e500d076c4f9a
emgram769/livechan-js,77,31359,32,0,2,19de727fae46faa45446d94caa7079af7e445e60
enhancv/mongoose-subscriptions,17,4846,40,0,30,6a7cde2909a935e5aeccb5c4b04be118f1c13c96
enjalot/blockbuilder,304,4429,6,0,0,d1cf0d2614deb87b047164da3f7c026214113703
entria/entria-fullstack,484,672,12,0,1,509a3bf7ca7f3656100a699fffad9ab5ec3aeb1a
entria/graphql-dataloader-boilerplate,399,6155,12,0,1,20ecba1b2c4f55a7a6cac6aecaa1e2792223bfb1
enytc/selena,13,2143,19,0,1,a5832f3fa64de9879523f6358f6d0a8fd4b19c52
eoscostarica/eos-dapp-boilerplate,26,1345,3,0,0,53fd3fd22ca875b6c6d5afd1f04493d586967e5a
erealmsoft/HomeSite,96,4334,19,0,2,b87e8d09e7133bdf82bbf7108e4b36b80b3de91b
eric19960304/Ridesharing-App-For-HK-Back-End,20,1491,24,0,4,e00e153a51af70e54f72be84ebd28df4298e8ae3
ericrius1/hashtags,10,13292,73,0,6,f6c76aef2d3f9f396391076b56fca93e0e9688c8
esfiddle/esfiddle,90,2385,23,0,0,cb0c977ee25ad1bf7406124d51c40baecd777fc8
evaletolab/karibou-api,26,30868,211,0,12,9f2b61180efc8fd9a10834866b819ca74c0bd753
evanshortiss/express-expeditious,43,1626,4,0,0,32eb2e27f30bc2dcc66c4cdeed875b4395a3b27c
ever-co/ever,1355,2028,122,0,105,e486dd937a390f51489f0f5ce1500264b4da50bd
eyy/witch,41,19364,1,0,0,9478dfcbee11d493161431159617e0c0ad16eeb3
ezpaarse-project/ezpaarse,64,11346,65,0,0,678f7459e5b05aa84ab9803a8485bf1469bc0bb2
ezseed/ezseed2,27,46824,76,0,10,674f6b0c989b71282273f750cd7ac99226d31dca
fashiontec/bodyapps-web,1385,12960,33,0,0,569c4e354f3112470bfb448610d68375fa25150a
feathers-plus/feathers-mongoose-advanced,13,1410,2,0,1,23fca88c61d96bc186c7136d36205e84205fd191
feathersjs-ecosystem/feathers-mongodb,124,538,10,0,0,54ca37066d748c60b7844f2edf82fe7ecf0c394c
feathersjs/generator-feathers,124,2566,2,0,2,d34d9a9078c4cb6adcbb55cb9d7be7526bd3b1f2
fega/mongo-server,22,5642,43,0,0,6ad6b523e4a87a61d68016b969d5b8b90e345ad5
feross/studynotes.org,157,8190,65,0,8,261b5ee95da74d6ce80742c98f0c26ff08f80376
feup-infolab/dendro,28,145754,53,0,0,839f2ce266b7197ded10dc69a27d374dd4faa9af
firstmeanseverything/api.firstmeanseverything.com,18,1537,12,0,10,cc95866d94900eefae36a9c890c8c6984cde0ae1
fitrpg/fitrpg-server,49,1536,12,0,10,94ede0ff8465dc448908066b7bd79f2acc4dc512
fiverr/devflow,26,3096,50,0,7,c089e122e9c14c6c1417c5673c7da291357484f0
fkrauthan/SimpleTwitter,14,24057,19,0,2,41cc747db066fa2f165c9c800f744d1ead53ea07
flextry/Telerik-Academy,198,253685,40,0,7,8d18e9250a5887dfb54c74f84893a6bf9994bcfa
florianholzapfel/express-restify-mongoose,637,9855,3,0,3,6bb5a40817e596078743de96b915f11f7a7e5b31
formio/formio,1630,47925,152,0,9,65bce3da8231932fe6be39c0d1133502bc63e22c
forms-angular/forms-angular,411,8671,17,0,22,47f04401200d493cbaf2a1b7537942063663dc14
forms-angular/generator-angular-fullstack,13,3778,2,0,1,44aa35556b0ff74e51d06c994eb0aeb126e34419
fossasia/bodyapps-web,1385,12960,33,0,0,569c4e354f3112470bfb448610d68375fa25150a
fossasia/loklak_walls,1513,45700,30,0,2,b6fc32599723a63d88445ab437fd2d480deea075
foxhound87/rfx-stack,425,1760,2,0,2,cc3a5ae340a8e96716d1874e4d6d261b452f7e37
freeCodeCamp/Food-for-Good,372,54502,161,0,18,b42e9ff4438f43507a8039dc71831f4ca68a2437
freeCodeCamp/freeCodeCamp,357673,27651,9,0,0,3a01deef4842603b5157e407def0629bfca1e32f
freeCodeCamp/meeting-for-good,334,6119,32,0,6,34a12bdd48c7ca2e3d02612398e5c0b6aa6b8831
freeCodeCamp/open-api,86,2104,13,0,2,68b2ae532c8959df01ff8dd2e203f73c3e2276e8
freeCodeCamp/pantry-for-good,372,54502,161,0,18,b42e9ff4438f43507a8039dc71831f4ca68a2437
freecodecamp-spb/web_dev_courses_Front_End,14,1189,8,0,1,68ec12d12298753d1f7728294b522a2e5465d0be
frosten/furb,19,20839,26,0,0,f9820430033b867a83dbefcf164e0597b3cb9d8d
fulup-bzh/GeoGate,65,8453,14,0,0,75ec4a603354f2ead0335268bcc227ae8c4d6777
futurice/festapp-server,18,12764,14,0,6,e612dc3efc044a04eb3fa47c7f164c4801b36961
fwdcp/pugchamp-legacy,15,5139,63,0,5,2298c51d70c35abf71e5fe8a31979e0d834f378e
fyyyyy/tabloro,56,53355,89,0,6,e74289a5c91eec7ae2ef161047ac8323d628015c
fzaninotto/uptime,3621,4442,126,0,13,e2f6bfe42da7b9e8e1416cf9e0668fd9fb5e4294
g-palmer/hashtags,14,13354,72,0,6,5c05a7ae96a9cf21a389ab7534bcc35380d9a1a3
ga-wdi-boston/express-api-template,13,859,4,0,2,9c33bb09b8fc2a6c09874cf45435a32bdccc1fba
ga-wdi-boston/express-api-template-ARCHIVED,13,859,4,0,2,9c33bb09b8fc2a6c09874cf45435a32bdccc1fba
gabrielcsapo/node-notebook,13,1482,4,0,1,8003ce29ccb2be4090bfebf0d002a85ed5651aa9
gadael/gadael,55,59160,10,0,37,23f3c0549602afcb5237599cbd39649351d6d8d6
gatsbyjs/gatsby,53855,274963,2,0,0,7824e60fc1bedecee59b4fd6923ea98173abd747
gayanvoice/nodejs-graphql,62,1214,8,0,0,557aad08e6a1733c57c3071064177ddf41c15ec0
gcardoso89/portfolio,70,1613,6,0,0,42e8d561db8458fae054b76bbc7aa192b63e8f91
gdg-x/hub,36,5582,103,0,11,4bea6710c279c627f9d4d2cb56a8ede40766b849
genekogan/p5js-sandbox,20,240204,4,0,0,0b41e8c3b379e8ffa859b57716058abf30431c67
gerardobort/mongorilla,79,4924,47,0,3,dd7de7db5a9171d4c568b94d0ce94cee67de5323
get-atlas/bot,40,16196,250,0,0,0d1453a214f1cb8d45d432b7819e20dca846ebe3
gianemi2/tinson-node,38,1410,8,0,2,c4fb2a050db5a7ae9cb54126312e4692599699af
gianlucadelgobbo/mongo-invoices,26,13247,94,0,0,51b7fc6600bf9e0df5137be8d022bc942e61535b
giapnguyen74/nextql,113,2706,6,0,0,92c7b908fe3abadd1a5a3b85ae470c5e6208ad4e
giddyinc/mongoose-to-swagger,52,32032,2,0,2,855b61bff051adb77e2afe9f752979fc46f2b7ea
gkucsko/slideTracker,11,964,25,0,2,215bad56e6022199b1aaaca676aa33afe49869ce
glennjones/be-more-hapi,85,2039,6,0,1,e49f4cb0a2394142a7b3e123e6331e4d26657d8e
godaddy/terminus,1631,1376,2,0,0,99c42a4f0a90636315ae98cd9e99d4e1db0cd78c
google/wikiloop-battlefield,77,1185,76,0,0,0b2c84337bae560e948f3fd3aba1f2858fb39025
googlearchive/todomvc-mongodb,41,110320,8,0,0,8482eca24c60486f6bf5734cac020fb20f589dd7
gormanb/mongo-shardalyzer,12,2688,22,0,0,d541f01c292bd5bee7c5fa0e60f89b60a3f893a1
graphql-factory/graphql-factory,45,30396,6,0,1,22f98d8e8ada5affcc8eac214b864109dcbb74d7
grasshopper-cms/grasshopper-api-js,14,5806,3,0,0,05a952b8b65e3a66c8a27f5d84699ee5cf02844d
grasshopper-cms/grasshopper-core-nodejs,36,179340,56,0,8,8fabc3bfc5b18855ead443db0644608a277d0ea0
greenpioneersolutions/meanstackjs,100,7644,46,0,3,4735aec0ccc05017fe4eb82b0a9a1a1afeff6124
grommet/grommet-cms,30,28292,52,0,6,39c32e6aaa9453c61b6daf2c6c3e32bd1233d77a
groupdock/mongoose-nested-set,104,1010,24,0,0,24c148292584a66244fd76a8be1b56dcd732f801
grownseed/haibu-ishiki,11,1165,17,0,0,697e7d5fbc8405654b6cfc30bd5979f76c135421
gt-webdev/attendance,19,5375,103,0,8,569c7e6a00fef38e5d62896730b12d99cd7ee033
gtomitsuka/montreus-chat,15,632,6,0,1,3926e8ac281233bbddf82c5b23c4eebca983f77a
guess-js/guess,6878,1588,6,0,2,0def89f41d43011abe0e449bd5f676f32e17b891
guo-yu/candy,576,967,5,0,4,53b01a9a5d63bd6981e7bceedcd0034f09c8f199
hack4impact-uiuc/ymca,30,4523,116,0,14,8e8895ae51f3872b1c882835aee53420295ea417
hack4impact/Kiva,17,1344,64,0,6,49267787ec37cf2732e629aefd9ac667d817314b
hadesbox/raml-api-designer-store,10,87202,23,0,0,402dc262d0db4c8e0230e58539b6dffb5126680b
haobtc/richwallet,20,29239,18,0,0,8a9f29f16cff0606dadce6c6643d04f8f3b81cca
haoliu119/PreLinked,25,20551,21,0,8,8d5491a87b3fc65f5dca2b89739101b7b91a5222
hapijs-edge/hapi-plugins.com,51,1365,12,0,3,11129f7fe7331ca0e23f34d7e1314d53599f1ec5
harishvc/githubanalytics,27,4655,3,0,0,27663a472388128df1b0c5678744f92f636c5a2c
hcnode/koa-cola,60,1486,1,0,0,f027aab2124add6166881cd06ad2570299b3fcbc
hectorcorrea/intro-to-nodejs,16,7468,6,0,0,86b9514c4d28c79bd0c35ad5afa36c02a6155c05
heitortsergent/passport-local-mongoose-email,12,2219,1,0,1,0bed8f4fbab121412b338bdc590cffbd51817298
hengkiardo/express4-bootstrap-starter,320,9423,47,0,2,be2bbf11703b479a4e79d5ca1d52aec102012863
henrybv/comic-book,19,143796,40,0,4,92e9d5d5f02aa2bfc59ceb2ee356f3c3eaaa3e18
heruijun/FlutterFrom0To1,186,956,30,0,6,cd1fad8751acc9f47a838bfc4856a50b301c42f5
hex7c0/mongodb-backup,133,1792,6,0,0,b13dd250bc0eba699ddb89b1b937887b3f04e40a
hhba/hackdash,28,653,18,0,2,c31223c414d6dbe4567a058fa6266afc62c38ef7
hiattp/express3-mongodb-bootstrap-demo,82,67645,11,0,1,ed29eee606cf7f29dbceaaa41af3e42bf490aea0
hjespers/teslams,418,16154,30,0,0,552068f2b3ccb3cb5aa1eb229a6e0d6b0643a3c2
hktrpg/TG.line.Discord.Roll.Bot,71,15808,373,0,22,f5b3bffe2ff4950ec0d2bcd1b6a48dd77d11c4e7
homedepot/infinite-wish-board,27,3852,7,0,2,f64d1a5748f5604c82920bbff1bbb2c3bf8bbe9c
hotosm/oam-api,19,3585,48,0,3,ed8af6e87ad2c1324017428b93aa45e240f26e4b
hsubox76/poetry-pal,18,967,6,0,1,370f6e777a2335d0b0d6143288e80a6731857532
htdt/digital_trip,100,9885,10,0,1,47f911cc593ba6b59e8a5a3899ac0bfa5de5e2b5
hugodias/nodestrap,55,609,10,0,1,0fe45d00910ea56054de371811ab625fb062acbb
huiledecode/OTF-,13,116887,13,0,2,347402eb442fb0717fd8412521261c69d667aa40
huseyinbabal/token-based-auth-backend,169,46781,6,0,1,0d6b650cddcee0a7448d062764288353d35dda01
hwz/chirp,327,543,48,0,8,41a91ee3e2dd18a5e27cae3b4ebd2943053583a7
hyperstudio/MIT-Annotation-Data-Store,45,533,30,0,3,4c48c2ebf38b8d05b2cce3a46180ffb9adc3ba64
iCode-labs/Node_blog_V2,54,14851,1,0,1,4a59d1d2724922b960ccc18a1cf152fc9e23b9a7
iaincollins/next-auth,12495,2996,18,0,0,63398d4c3f84863748d132b6c29b3b8ae525ea37
iamawong-zz/cards-against-humanity,16,1449,8,0,4,52162e3a08a39e6a3911b1fc629aac80a69b9e55
ibmets/node-red-bluemix-nodes,32,1388,11,0,0,a29e1d59eab1da349c3f5733e0e5357c2567c20c
icebob/vue-express-mongo-boilerplate,2837,6312,79,0,3,fd48e4af64ec76cb03ccb0c86d3919732f149938
ikcamp/Koa-Node.js-Web-FE-Development,65,1492,14,0,3,e8fee76b5f2581669d09c326dfeedf1bfe65ae41
impronunciable/Node-polls,13,619,14,0,3,0fe785e8f3b203ee2b2bf6abbcd75cafc0c44a55
impronunciable/hackdash,67,34385,95,1,18,dc5cea041644a0c8504a20863258390e16bda22b
impulsonetwork/atena,137,4198,87,0,8,c94b72c604249bdb39d1f36a737e721cc3f4343e
imskojs/Meet-Me-In-The-Middle,15,6331,58,0,5,7b7e3cf4ae2988b5b357664e1f273fdb1bf98a7f
imskojs/TreeBook,14,3177,30,0,2,cfda31fddb0b5369fafcd3e166b1675f97680b57
infochimps-labs/cube,24,18602,24,0,0,b8bef170a44a81f90254bda82e0824d7a17a2ef4
infohold-works/message-box,78,4045,5,0,4,db1c7d82aa493120ac7f575d05508444a72a82ce
invisiblejs/invisible,179,869,22,0,0,06ded524a52296d5fedde6e81899d08caa5c613a
iquidus/explorer,720,36085,74,0,8,5f33fea620701db019f4bd4dae28bc0e28a53a67
ircanywhere/ircanywhere,737,29554,53,0,0,c9239f87885b82b0b369c3fd4e0ed2b1f14f2f4b
itead/IoTgo,372,2607,42,0,3,2627b1689edc142a533c780dcc74c77863c831bc
itemsapi/starter,21,2424,34,0,7,b5e25b7e0e2289c05a0aba01feeb91fd267812c1
ivanhuay/hiroki,13,1965,17,0,0,9fa5a84aef17dde08b65a179a80b40b00387273c
ivanvaladares/Node-Suggestive-Search,13,3887,12,0,0,c029f0f38d3e96ebb2d023557488970c47f9cdd9
iyobo/jollofjs,55,36072,5,0,0,651ac5ee592199e22715e9064506182bb2cbb233
izmjs/izmjs,91,5487,86,0,3,39edd34ed7826d870ab60e28538ed1d880230b6c
jaburcodes/pantheon-server,21,6987,4,0,3,3137a56e505ef97ca4884395ad04c6f4dcb0ed06
jackdh/RasaTalk,264,23068,133,0,16,757630b3ce9ba9e7ee827a6ff35b400158961e84
jakearchibald/big-web-quiz,109,3374,34,0,2,8cdd2bf2925545424d4e49fbfc02f8761712ba89
janez89/mongoose-utilities,11,2146,3,0,1,6f28e14911e8f7bb3466832babe104a128e0e259
jay3dec/MeanSampleApp,19,1701,29,0,3,5d42d24a2f1aa53e9bced9a4e46799f3b07590a6
jayliang701/weroll,10,6439,74,0,1,ced8dc38d01a6d00972212d2455760bd71fb38e4
jazzychad/PushServer,845,1594,8,0,2,b46b30f4ddedc8bb66766304e7cdec2d7c1ac466
jbasdf/react-kindling,72,1632,23,0,1,cfc53eb47bf969eba5782b4d03d146532d4af754
jbdemonte/mongoose-elasticsearch-xp,93,12976,7,0,0,ed61012c9f65554b8679b9a30b4d51db6abdfd94
jcspencer/mongo-relation,54,1004,31,0,7,ec4377d4c7d65375e5ef4917e2482ef90bd3853f
jdarling/MongoMQ,90,1621,27,0,0,aa125d2d45c8cdbf814010cfa1c390130344f6fe
jedireza/aqua,1387,21474,4,0,0,f185bd21c6563ba25f1b079ed50a0258ba0b0b46
jeffersonRibeiro/react-nodejs-mongodb-crud,93,2298,8,0,1,27d8baf1ae4a0907d2af363dce4d70284bcc97a9
jembi/openhim-core-js,49,34646,262,0,17,999047c5277c0638fbf654c7cc1e552249b19134
jeresig/ukiyoe-models,12,4637,1,0,0,bc24e3c53843201b636f96d48e7d85380494db53
jermspeaks/Thinkster-MEAN-Tutorial,20,52004,16,0,3,c7ef96a21876e0d6a0bb6098d5a0af81cb7177ba
jeshaitan/Scicademy,38,603377,22,0,0,77c810312e329bb216eb804927877f22fd771517
jesseditson/Urza,10,3995,22,0,1,f0a4d2a879a2fd4e4f301f09984711bde99ca41c
jewelsjacobs/raml-osprey-api-designer,18,92006,17,0,0,870f49e7b820063663ea195e6ae8e0b77a92a046
jinwyp/AngularJS-Learning-Demo,16,118594,27,0,6,685058216d4bf3c02041008ecbb3ccce41611190
jlooper/MIKE,13,205293,14,0,2,a4c7d099bec80b01428df1cdaba9cf98f792a5ce
jmcriffey/es6-fiddle-web,49,66504,3,0,0,26039815d41a0749a4a6e73b4129e3c52811fadc
jmdisuanco/pinipig,25,13210,15,0,3,e942bfe4edddaef8ae04cff4a2b075ebf4ec8b1f
joeeames/multivision-demo,21,23205,10,0,2,15f0ef63230bce3e957116fa22fac794f84ffa91
joeframbach/agendash,717,2240,8,0,0,308e7debc4474e4302ea87d353bca70d12190f3b
joegoldbeck/mongoose-encryption,205,503,14,0,0,253a0c49f21174d828e4ea88024d37947fab069b
joel1st/championweb,146,17559,16,0,7,f98e5d775bc903d1454d8e41651770fbf44d434b
johnduro/seedbox42,15,15394,73,0,3,eed9b4ea62560b89b72e1a20b2cc420ec62ac723
johnschimmel/NodeJS-with-ExpressJS-and-MongoDB,22,1473,13,0,2,244651fad6d4db40cbce1b19a5ce86100ec95bcd
jondo89/Fraternate,134,37849,5,0,2,3b8dfb5c2b0803d33e93b5a8778ecef4e2e44b19
jones2000/HQChart,2079,428664,2,0,0,c11922f093a41921560cbedc4a258bea14081c0f
jonwrona/Table-Tome,11,1405,24,0,3,3001712c4b223e5a4c3638edb372558b343dc4cb
joshuaslate/mern-starter,518,2722,35,0,3,850771b29d4d4552bd2d60fbc10bac24b19e29da
joshuaslate/mkrn-starter,80,2017,22,0,1,80d5e14b1fad5c8ade7cea1444df76f300a32ba7
jparyani/lets-chat,15,41245,76,0,5,13805601c9aef4fd487fc6d5e67c7c81c226b141
jraede/cascading-relations,15,908,14,0,0,dff8919b4c8a00f27740ce809b3cac3239bb4f1c
jser-dev/jser,15,9575,93,0,1,95c94369fcd1583352f5a1f38777044a646dbb15
jsonresume/registry-server,95,16969,24,0,2,41a8d93e937cd4a38a7b64e24787857accd559a4
jspears/bobamo,92,52847,43,0,8,d1debe297e00b48e37825c36585eb3355168f828
jspears/mers,344,2828,6,0,2,a8dc41a3c9ddba35b1f760f7ffed0e280fa4080b
jugonzal/lhl-lectures,14,5151,8,0,0,f009df0952b2e3e7b385f19471087e730a5d0cd7
julia-/room-booking-system,436,2390,12,0,3,9b40ef983d38a8b5862c629e860693cfd98108f7
jupe/home.js,23,232118,22,0,13,1e02e2273a287f3899746ca3a8f59b6fc7900730
jwerle/pineapple,35,2628,2,0,1,127f09ef68edc6c10f5d2a34f8bd73edcea17d18
kacole2/photobooth,12,3381,14,0,1,d87b432156bc5f64cb61e8d384c006a19c86634e
kalisio/krawler,45,10577,15,0,0,610ec50a8f99edd60bd49340407762340cc86148
kangkaisen/blog,34,244954,11,0,1,3fb057aaae97a68fae69b0f80b2f82d23a2e0a2a
karan/Storming,17,3096,4,0,1,c2a1583142f03c0ed512637a710e58f3e4339a74
kavya-kumar94/cravings,15,3074,55,0,6,39b13d1507cd1682f8e4326fc92e5b2edbd81489
kaykyr/insta.js,12,554,4,0,1,c7258a49664a1d1e0adadcd42a98582dce819e33
keepfast/keepfast,101,15835,49,0,0,753c30246d272f353fd76ed042653a7494687802
keithnlarsen/restmvc.js,159,1008,2,0,0,c89441eff019058c555a80d20b6183fd8c9942dc
kelvin-mai/mern-vote,46,682,25,0,3,1c519dfb5d6b28d674c59895e02dc007fabbcd65
kendo-labs/breeze-kendo,13,18335,1,0,0,b55c37ddcee0dff8abe37fdd4917e10b4349f4f9
kevinahuber/beaking-of-the-hill,10,1833,8,0,0,40d8aee05e28bcbf9fa13bd2d3283d29f015d5dd
keystonejs/keystone-5,60,70972,58,0,2,1a2aa5b48d5c7003a1b2f2987f0012673a27f638
kipraske/web-brogue,21,20837,28,0,6,67f65d860a8f78811f1b7462e74a57de26c91a98
kissjs/node-mongoskin,1532,1110,9,0,0,60d677e287c8841fd5aa028b4a5ed6e4a6108467
koding/koding,2033,283128,13,0,0,d36da0d16651e9bb55f6ba3336c6133ad43966a1
koumoul-dev/data-fair,25,22383,343,0,0,d3bf70bc7ad40f3682a4dcf8779fedbb7a4cd22b
kunalkapadia/express-mongoose-es6-rest-api,2866,571,5,0,1,247fedde56e380fae720ce65ff65a7d0b034b3e2
kuryaki/locomotive-example,18,7837,4,0,1,b44b7162c25af02b66e66669ff9614375e14a635
kylestetz/slang,1151,1416,3,0,0,0feaa5dcce78ff9d0127dd9861984fcec04e4626
ladjs/lad,2197,4200,44,0,2,b2322efdc4b171969df2c62b9f3c2b20da97af5b
lafin/ru-yts,107,572,6,0,1,ac2ee1b1ff569d76dfad0881fc60efa43d1d290b
larvalabs/pullup,317,9440,74,0,5,e4e3778d3debf7b7682e2a72b7d6d9f80c2c10cd
lastIndexOf/E-commerce,83,103565,180,0,11,47c148ff73996c23a5c44872f1542fac8e3cb227
lastroom/yama,90,13063,3,0,1,4d7574fa735c6594d4cb6d38a9fc49801d2a13ec
lautarobock/brew-o-matic,24,250096,103,0,14,940828bac1c1d65af6bdc64b96943002e8f0d33e
legomushroom/iconmelon,463,38993,24,0,4,18bb6198e19d84614d2b420fba2c366bca0f4676
leomotta121/hackatuning,10,10237,20,0,1,b4cca0390f1de783bd7f224477e565a1918dea14
lepond/Goose-Windmill,10,12725,12,0,2,51a6988c2861da5f0220b672f9416c483099636b
lethus/popbroker,28,1934,22,0,2,9727e15541faddeac5dac97f7e675a3f210c488f
letsdoitworld/LDIR-Web,12,30869,168,0,12,d200bc039ed944d0d900b851290984bcd0c0ece1
linagora/hublin,1603,19177,26,0,8,0e2b9f559c789fcacd2f1e82a4f98271e9249e3f
linagora/openpaas-esn,450,163029,265,0,41,2e7c9e503dd5286132423a317ea548be8a46af33
linnovate/mean-cli,57,1473,7,0,1,480e0228740e85abf466a9d85e691c299dddec44
linnovate/mean-mobile,26,664,24,0,2,f6e77d6a2cfaa9a0e3b63b85ce06a1d2c07163d4
linnovate/mean-on-openshift,54,448674,30,0,2,a662d8428003ba2b666da332c42989a16e8267a6
linnovate/meanio,54,1257,1,0,1,21504436d0ab1b1155f9040c4fa1d962a0fc203e
linnovate/root,22,43102,514,0,16,df5f773d923bf070c8895dc6bdf0ade7a61f1f98
lipp/doclets,206,5764,49,0,3,5d1f9f3bedc44cbf3904b5e10b086442a511bbf7
lirantal/Riess.js,17,4952,28,0,1,7c464d6abb5e2f1f9d3b25828f8fd74858f0063e
litixsoft/baboon,10,9834,47,0,0,c90611a6b3ce1b149a205005d658ed01b7b6d40d
liuxing/node-blog,655,598,29,0,4,ecf8a5d931fc79300e03fd4a2553a1e707018912
lizhangyuh/NodePad,15,6951,34,0,5,1acdcb8c3fb1d3ec897491ebf8f19f689e5835f8
loowid/loowid,93,10660,46,0,7,f6f4782dae9a27ee365277c3ac4cb0820340d4d5
louischatriot/mongo-edit,230,2244,14,0,0,9e8962f70d4c412da27a2a5c2968c0bfb5f678fc
louiswilliams/queueup-spotify,14,5227,57,0,0,f9e120580027755516df2eb0218cbcad0e1cdcb6
loviselu/web-excel,43,28121,52,0,0,11f8e404af94c51bfe053e60106130ce3c9e8fdc
lowercasename/gathio,169,84574,90,0,8,abf1babfcfe0ed219d74fdda4071a481dd7d50d6
lskjs/lskjs,37,50960,2,0,2,ac555ce157c47e00c875e9c7942d6b13b0150316
ltonetwork/mongodb-rest,406,3377,32,0,0,2e1a682b184329f992fb3e799de26249d6cb3bc2
luebken/mean,24,9307,35,0,2,787ad54f7393eb426fcc4cef114b857eb824118f
luisw19/graphql-samples,20,1010,4,0,1,fd4b80e417eed6a6107f8671ef0e3eb18ef7e3a7
lukePeavey/quotable,957,1078,21,0,3,4a3cb4e02197e0ec5ed913e32116eb3b839e2c39
luoxue-victor/workflow,1924,7222,14,0,3,721bd0e869beddb1473c79de541517af1294162c
lykmapipo/mongoose-gridfs,85,1427,13,0,3,1db97c61c618a027e5a5338de780cc6330141853
macalinao/preston,160,2289,13,0,0,87105425b2c30ce773be196c3f85872375099113
madhums/node-express-mongoose-demo,5037,1150,23,0,2,73d224c0bc7183308d0bdd6d606dcc87f9987aac
madlabsinc/mevn-cli,789,2691,9,0,1,2444491d0d308d9335aee89cc6a7242ee9c6ed27
mafintosh/mongojs,1786,2385,56,0,0,df1fb993c379ff48537d3028f6722eaf6f5db014
maichong/alaska,30,36694,507,0,6,d82dcd1667e46e52bb91579e20f996a2ef881b9a
mallocator/Elasticsearch-Exporter,593,6619,2,0,0,a29438c490e06ea843c4c4bc453dcab682522c4f
mancioshell/NEMTAB,33,976,3,0,3,88422530e57175f61d320c1fc9f76d0295916022
maneeshpal/Drata,13,10940,22,0,0,d5300d70f41cedf545152072c6f8cce7d384d5b2
mapascoletivos/yby,25,4315,151,0,11,b2e92a713f722fc2b2f3e697ca1b7bb8f4442101
mapcontrib/mapcontrib,64,22243,82,0,0,e4a4957ecf9ae28135aa1aa9c03b72485034ec71
mappum/0x10code,48,99189,7,0,1,8a92046a8838be8e489ff4045d5db0a4cae7e64a
marc-harry/angular2-express-webpack,11,4690,5,0,2,c7aaffca7f00193bf281c27f6cec8b91d96d0258
marccampbell/mongoose-admin,65,11792,33,0,3,280a93f8f73f6efd714b907fda7edab725dc9bfb
marcoramilli/malcontrol,89,103390,46,0,5,bc54ef14f2e17d5387ae521dac59a8a16ea67c18
marian2js/rode,47,2851,18,0,1,d9b325570e50c00602fad9f0a1d3ba353c902b76
martin-nikolov/Telerik-Academy,198,253685,40,0,7,8d18e9250a5887dfb54c74f84893a6bf9994bcfa
mateodelnorte/sourced-repo-mongo,53,1004,16,0,0,b74bc07332c10680a7b298197c7d44a59c86ac0e
mattcheah/cover-letter-snippets,71,64413,7,0,0,c9d863fe638cdd6c997751fd59f45331883979b2
maxwelldu/x-shop,14,1448,27,0,2,59deafc1ebd67bb7c921a9412b476bbd062523b1
mayanklahiri/maxstagram,76,1139,11,0,0,fc6de708b736c902e81891dde035da20bc66efb5
meanjs/mean,4887,9905,41,0,2,ed8d04c4cacf305c25a7a13fface589fd80d1d58
meefik/ITMOproctor,35,11022,116,0,9,f89d209a1ef38b68b54cced4154cf8593b31a200
meseven/react-redux-egitim-seti,168,4664,24,0,0,51699e57f8289ef2adecadf8fb9393d5e3d9bdb4
metamorph-inc/metamorphosys-web,15,398259,2,0,0,246c5ddd9d32a40363ae40edd924fa3898a0afaa
mfosse/multiplayerFramework,17,548559,18,0,1,00458254c28d8ef0aface92081f06984ce83f7ab
mgan59/mongoose-fixture,25,939,1,0,1,adbcd5b37410ac9fc61270096f16c3e9fd47c47d
mgenev/nodember,330,3275,63,0,6,cb5d450b3589d8f9ba100ea928579cbfba5e73cc
michaelkirk/weiqi,11,19140,26,0,0,3f898b24eed3649494261d28c15ec934cd8797d1
microsoft/ApplicationInsights-node.js,280,1745,10,0,0,c060888eb97d6a8d55366ebbfc49243f4f2794c4
microsoft/ContosoAir,39,9783,5,0,1,abe54eb03dc768dbc9e6e90bae8c4611b45bb188
microsoft/IgniteTheTour,184,12958,13,0,0,3dd338ea3390cf541b48aa8d52254cf23cd9e668
microsoft/TailwindTraders-Backend,168,574,6,0,1,08a039f94eae79d3aecf9da676a9cbd295678b27
microsoft/WhatTheHack,1250,121622,13,0,4,b5f45db03b5e45e473e0eb72e0cafbcebd2a9ac8
microsoft/data-accelerator,279,7724,10,0,0,02b5ebad304d130524825500db60934a91c48639
microsoft/devops-project-samples,304,106027,60,0,0,1128a69712256eddb3a269081fb387b029a65d27
mifort-org/mifort-timesheet,28,159404,98,0,0,fb25911de1c447c151731adef6df988f4f900e3c
mikedeboer/jsDAV,675,14444,20,0,0,1fe585dff008184d3ea03332c50b4fcceadf8b76
mikevalstar/mikevalstar_com,16,2645,4,0,0,ac9d809d0e2ad4202ab556836eb9b6b5f8dfaccd
mikro-orm/mikro-orm,5328,1615,35,0,0,bb467f7a34a5a2aa68e7070fd8ce41156ba30c11
mindsphere/devops-demo,36,973,4,0,1,97a23c8814ae21fdb4b3d26d080778d531b9898f
minhuyen/generator-expressjs-rest,49,3133,43,0,5,5ad2d084eaf9bd153ebc94c1c9590fdfa80193b0
mojsart/mojsart,40,1172,10,0,1,c5bd2e248f88dba2bc15f2a262eaaaa6cd2b55f2
moleculerjs/moleculer-db,125,7117,115,0,2,024e74066528b61797011935425b70747c14a8d1
moleike/node-lwm2m,43,3268,6,0,0,7e3b3c0ae6634254bbddb5a587effe748a884f66
momentum-design/momentum-ui,133,78046,12,0,5,cba6ea1d1f8ce0dd6ea8891e5e44a6121e7456a0
mongo-express/mongo-express,4809,2734,8,0,0,525d28f3cd0dd8441dd9b0fd5b2ac4f27bafb063
mongo-js/mongojs,1786,2385,56,0,0,df1fb993c379ff48537d3028f6722eaf6f5db014
mongoclient/mongoclient,3432,25888,16,0,0,51e347741491d4145a4cb2cc0f441e4e4579ec16
mongodb-js/compass,703,121570,81,0,0,0bf941fc0fae4ee902f0539544ba3ddbfbab5d09
mongodb-js/connect-mongodb-session,164,742,6,0,0,50c80519f54983c3d0a2f6ee6828bacffa5c58dd
mongodb-js/mongodb-schema,106,1515,2,0,0,8f8aaa1fb97781f742ab33f97e09ba74442d400f
mongoist/mongoist,296,1581,23,0,0,a515954cf480b4c90d36d63c1ab575df9a0a44d2
montagejs/screening,51,22607,16,0,0,4835be703d52e8a755e3ddf2e854421e42348c1f
mostafab/neg5,13,9000,7,0,7,f0eacc3644d22eaebcf1e09751ec9f210b1dafea
mostafab/neg5.main,13,9000,7,0,7,f0eacc3644d22eaebcf1e09751ec9f210b1dafea
mozilla/MakeAPI,30,5101,19,0,6,f2893cf6cb81cfed10252a83f721572a1bf2e7ce
mozillascience/PaperBadger,88,1395,12,0,2,98d43ae943a4c07abed48494957a1e7be3be9e60
mrvautin/adminMongo,3821,4278,42,0,0,9ab2e989e90c477d395b2327b6eaa238f08d03b7
mrvautin/openKB,640,5034,45,0,0,2c3f765d4d48df0e8c10cdfe2ecda2950c96756b
msfrisbie/mean-stripdown,114,55304,14,0,2,32caa457571a9b48bec99ccc519a7653554b1ac9
mtgatracker/mtgatracker,242,53942,36,0,0,d51f545807f0902d3a987ee0259ff2097154cbd6
muffin/server,48,686,8,0,3,9ff59e4eff92f67dc8535d39c122319e09240833
mysociety/popit,76,36473,100,0,17,e84f73043405564460cce9615a9fe774500c3d22
mysociety/popit-api,17,5521,40,0,7,7308760abf5e7a27dadf7fa570794c4c77888562
mz121star/NJBlog,363,63695,7,0,2,08be4473daa854e3e8942340998a6c282f3f8c44
naturalcrit/homebrewery,818,3781,17,0,1,613b9c440565704494c7b09747d3a26f31660a63
ndelvalle/generator-api,247,630,24,0,2,b2d4645ad841a7e26d99cc79fc2a10f257e32f2e
neagle/gokibitz,104,52583,108,0,4,338ec1bcc11a278435bbf52dd309c4181fdb9558
nebulade/meemo,301,4759,23,0,0,2ef33f58dfb5251f5108460511c4e063b53291eb
nesterow/frontless,109,45070,2,0,0,d5de0b5b5a36d2a2ae5528c4aacf2c9aa9761061
newhavenio/newhavenio-website-deprecated,21,648122,19,0,2,940016faefa8e9abb210851d3702c05c5ee0aaac
nextepc/nextepc,116,6919,4,0,3,9b2f73c1c6d8f02c6a4973e34446afdc6a7fcb39
nexus-devs/NexusHub,90,5758,26,0,0,137f0d73b812731f10fc00b92676adac689c3786
nexus-devs/nexus-stats,90,5758,26,0,0,137f0d73b812731f10fc00b92676adac689c3786
neyric/webhookit,179,172403,23,0,0,13abf6f072e23d536432235da78fd3e4e5d742b6
ngageoint/mage-server,73,46112,571,0,39,b3c31a06a1d641f8476b26b9a33e3f84484e0952
ngageoint/mapcache-server,22,850017,108,0,15,1f4174676982e3c155eb1bca68c9551a5daf02b3
nicejade/docker-vue-node-nginx-mongodb-redis,39,1683,30,0,2,98316b2f6b1ff56ad38a6f412fc402b59f3be93e
nickholub/angular-dashboard-app,202,2872,7,0,0,d44b1a33e11dacf761a5fcad13d2f9bfc1db1c18
nightscout/cgm-remote-monitor,1966,37942,75,0,0,4750f13f9ed71a72f26fb0726f155ed78bf3566b
nikswamy/SafeTypeScript,25,181628,13,0,0,53ed886c5419ab97e92f267ca5e30d3aa451da00
niumainframe/webjcl,12,123753,5,0,0,3df5879279acdcd608884eceab8b693d8418751f
nkjm/bot-express,99,15380,3,0,0,38341b382ac299b11152a4b4d97e23cce61fa1ac
nlaz/flashcards-for-developers,157,7546,96,0,7,a006a5488064d3e85c16fd87951c69c57ae55881
nmaro/ooth,608,1315,23,0,0,c4d12242ef9fbb2fbbc63140a3feffdc5d64b2c7
node-red/node-red-nodes,848,16270,11,0,0,996ddd06a7d0673826e1219acc1284b3f56f10d5
node4good/formage,186,44272,68,0,42,9a6f4b6478402050940262507034b4545a2b4bbf
node4good/jest,24,1474,8,0,3,d7846ead3d8a9b5f3ad1e9ce2b215cca47ae8a51
nodejs-tw/nodeclub,30,12385,154,0,11,8c9cef8295d9161b43f292cc6d0903c2b358d96c
nodemailer/wildduck,1607,47394,771,0,0,c1ef3ddbed6bb7133531199c5e0a2b4969a521c1
nodkz/mongodb-memory-server,2045,509,9,0,0,8c0afc00fa54b3de93cb78bcc21eb819d3a3cf92
nodkz/mongoose-plugin-autoinc,63,5862,12,0,1,0f73ef1214811106175259d283cad4267aa237f8
noobaa/noobaa-core,209,182210,324,0,0,cc184f7fbff7690bf8f31062b60d4d370b62df0f
norestlabs/mousexplore-vcoins,15,8244,169,0,31,6e8f76f8a08fe182e383bfdc26f42a238f9b8f90
nosqlclient/nosqlclient,3432,25888,16,0,0,51e347741491d4145a4cb2cc0f441e4e4579ec16
notlion/audio-shadertoy,65,9086,4,0,1,88aef7fe026b3a6e00b81cc389fd1cf49f8ea7f0
nullcon/hackim-2019,61,982,3,0,1,edb5c62cf7fad9474203daf3ad06e11238973e13
nwthomas/boilerplate,15,1820,12,0,3,598b526de89173a7beb3e8add889fbb08723a995
octave-online/octave-online-server,250,8839,79,0,4,7657f3e97c6c015b760c5965b22fb1b086f1ab7f
oeuillot/upnpserver,168,12221,7,0,0,8bf3cc5e7b174fc1bade7f332ce728fea3cb4611
officert/mongotron,2687,8863,17,0,0,838fd40bc4facdcba43aa16e23f9c6ef98440383
okbel/diversidad-media,18,2845,5,0,3,9c823c53c91aaf4aa04acd3f99b19cf73cc52a5c
okfn-brasil/euvoto,12,8119,94,0,12,031ce4d9a8ac8d8c5b031c42a0c9c6e2647e8efc
olinjs/olinjs,40,8532,4,0,1,190c7e329d7b2ecc5a6c709badc9a2dd33d2ddd0
oliversturm/devextreme-query-mongodb,29,10250,4,0,0,61959eae4c3b6a954663203e850835c2ab1def95
omgtransit/omgtransit,17,23530,12,0,0,315625fa41493b2201cbf360c50a8450329ab6f9
onehilltech/blueprint,115,41150,61,0,17,1f8cbaff4fdbca6466ae1a04e910d9acd63ff1df
onepiecejs/nodejs-cantas,203,47516,136,0,23,77ef66251a97dff98afc31294ed3ca73994891df
oors/oors,25,8386,40,0,0,458c4984932ed57e2bfa75059b208fd0aa865595
open-city/recycling,26,15400,59,0,3,efe65f116f37d6277b2ad0ae4e2c64b5d9307c7d
open-webrtc-toolkit/owt-server,972,38115,40,0,7,e93d215fbd3d2d0db96830742d5ba32d6a3a324d
open5gs/open5gs,1015,7944,4,0,3,110a63fdfadbd18e302f3a4b06ac0ee85408bebe
openbiz/openbiz,29,2507,14,0,0,997f1398396683d7ad667b1b360ce74c7c7fcf6f
openintegrationhub/openintegrationhub,137,70024,472,0,63,9892086782e3bb895400c83e387f39529f10e40c
opensource-ny/OpenSource-NY,10,819,5,0,0,2f27dcba65d4e6179cc8b5dfdab1062c886ce4a4
orange1337/eosweb,29,2027,43,0,7,789b523f254d47f6962e02d13c70da9107e034d4
orcinustools/orcinus,15,2677,11,0,1,914c805993bddc9c177ddf9836e7b31eba646fef
orweinberger/fullnode.co,16,759,17,0,0,f5325e317a9ca3534531b351900d344654a3af91
otto-de-legacy/security-belt,73,1234,12,0,0,0889fd8f274ba57b9c86a7c227f4ed66b23f35b4
otto-de-legacy/turing-microservice,25,1590,2,0,0,e79032802d895cdbd6f4d3b4961d7f3ede06dd8a
otto-de/security-belt,73,1234,12,0,0,0889fd8f274ba57b9c86a7c227f4ed66b23f35b4
otto-de/turing-microservice,25,1590,2,0,0,e79032802d895cdbd6f4d3b4961d7f3ede06dd8a
overleaf/web,336,319865,364,0,33,aea26fe3135d01a5c218cd42dcb0229ab1fad3ac
ovh-ux/ovh-chatbot,109,3508,47,0,8,e3a298abf697106f65219e88f615e6c2b0bcdb27
p-v-o-s/infragram-js,25,5396,9,0,1,a4a2bacff7202342a68909d58dffbba3f5711515
pa11y/pa11y-webservice,141,33077,14,0,0,d73942ad6840ceafb70ae5f3f98b18b56d3c669d
pa11y/webservice,141,33077,14,0,0,d73942ad6840ceafb70ae5f3f98b18b56d3c669d
pandapaul/destiny,47,1250,4,0,0,ed9609f304c2be3e9010a7d4470314c488ff8111
parse-community/parse-server,19866,108695,141,0,0,0b929dbeb3b731415163d4c90abc9d938c81a526
pascalw/dashbling,457,1076,4,0,0,965535a86246dae5a2d349c83f69d04dedb9e33f
patrickrb/edGalaxyMap,29,3958,47,0,6,aeffaa79dc550d9c5797246127854ff20c03ea3d
pawel2105/angularJS-fantasy-football,16,55719,29,0,5,9394870cb314918cbdf81187d8b70c2507472616
pbernasconi/ionic-theme-editor,227,1189,9,0,2,558f51695574143c314d6fae8f69422403f9fe69
pencilblue/pencilblue,1578,46477,18,0,0,2176e46d4cc0cc1dc72254ab630a22201f5f9131
perborgen/data_hub,23,21020,25,0,4,ad3af0625f752df8b142010733369ccaf7827da6
periscope-ps/periscope,11,187108,2,0,2,5e6df8e532991a31ed115eb7a871893741d60974
petitspois/docs.ren,33,27535,54,0,7,f0374c646f075bd5ba0c552034e751ab151e397a
phodal/iot-coap,122,848,9,0,0,611a491a0f183da2b7acf418271f4a1318789eb0
phodal/lan,548,1583,8,0,0,72dd1cc9880e080809975681dec53868ab2a0fc6
phoenixlzx/zen,20,23261,38,0,0,76011c3f807fb598886e2d12f7687ee24d3cacd4
phutchins/pipo,48,91738,134,0,9,d0795da43b99d5421cc12f9e007d11c70d55fd29
pilwon/node-ultimate,19,1549,8,0,0,440a8afae723c72dc2a9b3ae9a27366c431df51b
pinittome/pinitto.me,63,4720,38,0,0,bd60fc826d945a8c25eaa0971c78a022d3f7d39b
platzi/mapa-turistico,28,9582,11,0,3,ad0ad2fb9545f05b1ade2ec2734679d9ab584d48
platzi/nodejs-avanzado,21,3715,5,0,1,12705cf30af97e39e708d6e8273eeeb58c85bf2f
playlyfe/poseidon-mongo,20,4716,114,0,0,bbdd016cafdddf7d56c86720e06ef438b2daca2c
playtomic/apiserver,91,4143,60,0,0,0156e051af222019038a1a4b54e8239c56e4440e
pliik/gugamarket,18,217989,15,0,2,261efb3b91dbc71e432a21286e6e7ac4c9ceebb3
plumier/plumier,253,551,25,0,1,03a338cbd3949d87760411059caf56ccbdf9d6b9
pocha/terminal-codelearn,80,1275,2,0,0,cb35b2c9ab714f3d7abd315db8f877370be587d6
polonel/trudesk,935,536548,408,0,22,76639f59c5e64c156085addf11d61cfaf28c1902
pooleja/microtrxchannels,12,1773,11,0,1,2abfe977253257cd42eddb9a867b2dc58e30a0d9
pradyuman/codeview,10,14134,6,0,1,a0898a6e9d77f5748e2e49cdf471bbdee3ae73f8
pragonauts/botnaut,13,7602,14,0,3,920882a5823dc895469222f82a0c877f7f66c858
precocious-tangerine/nevercode,14,25891,21,0,2,218c3dd489a4d76741f1fa95de45c0b2b579c409
processing/p5.js-web-editor,926,12879,126,0,6,5e00f3ce89c03309b84b891de9fd634187672661
projectSHAI/GOATstack,13,829,21,0,1,d6bee4b8f6efb0c521a6a83a7ff10aace8a7643e
proshoumma/ReForum,744,4357,34,0,4,f4b209b579f1fd83433779c1240837fb9cabf273
ptisp/cloudash,18,29758,57,0,0,1e608d738a3d028b3e1dae3fdf6925f84013dd85
pubnub/pubnub-api,819,5515,15,0,3,4eccc38dad85bb73bcb6c561063ea07f5ea0c8d3
punkave/apostrophe,3920,36124,2,0,0,aff7d4b1f85640a8ea37b7d34ec53e4af0edef36
qawemlilo/nodebookmarks,31,14472,34,0,2,da29219527288fb52e6ad135361dc57ab1be8955
ql-io/ql.io,936,39242,1,0,0,18991838d36e845fae18dcefa4f1d58f276014c4
qraftlabs/node-workshop,17,22809,17,0,0,52addb6de09064cd2886574fc20d43ab524657af
qusiba/missloss,16,19218,13,0,0,df67b3e8bf7cbe521ea7537d06a9e8c4b623afd2
rain1017/memdb,595,6648,31,0,1,bded437d0e6aa286ec15238c71a91f96ded8e14e
raineroviir/react-redux-socketio-chat,888,2392,16,0,3,0739e285243a06a8ecef504d885735c9bf268acc
rainjs/rainjs,19,62360,15,0,0,32b434d429b5ab0a4492b6a07be71dea3fa0fef0
ramiel/mongoose-sequence,253,1011,8,0,1,a5fbab316bc0089b1da9e6cdba1e92994cc42a73
rap1ds/dippa,16,141183,15,0,0,24ba4fd9d4cf3e083df0f72d0b16dcfad111ca05
raphael-group/magi,20,6043,78,0,14,39a6375883b0f26cd1c798c70d142a29b949b30a
rappid/rAppid.js,104,35323,7,0,0,38ebcdcd73b06ae7825aba1111c734b56202abe9
ratracegrad/SnapIt,12,2388,25,0,2,3a1c727eab88a72009d411b68371cca14d289f0f
ravisuhag/jolly,66,1547,13,0,1,c81982ab4689c3aaebf07cde3e6a1410c82ee353
rcos/Observatory3,14,8492,212,0,8,a15f9bba2a422558d80fe2002e1eda23cf84506b
rcos/observatory-server,14,8492,212,0,8,a15f9bba2a422558d80fe2002e1eda23cf84506b
reactGo/reactGo,2808,1029,17,0,2,a2605f97666585534761b3c03bea8247547a833e
reindexio/reindex-api,352,20016,45,0,0,2e961c83b720ad2a2e4129188a8d7ba8f5c75214
relax/relax,8241,31574,149,0,15,75943ce5e9c4ce8f503398487b35f89cf4974d7e
relotnek/medcellar,14,4046,18,0,3,f578d7d029b773149ea585083f1045b765cbe5af
repetere/periodicjs,40,11361,19,0,6,fc31f56c348a831dc407d95785195c12a589b44a
respoke/apollo,26,5763,11,0,4,e50dfa51cae5858b6251776fe423557697ae4ab1
rgarcia/dochub,798,12145,1,0,1,2cbe62ec86aef0cf41897523d46e3685cf4d5a36
ric03uec/nodeblox,43,24792,12,0,2,4ba91bbc138af33b1dcdd054af78ffa2ea52bd6e
rickyrauch/nodejs-starter,655,538,8,0,1,ae5c9d5f09b888e05ba7b02f3da8ca3f7b6193d2
ritenv/atwork,41,5107,86,0,6,3259d509ad56e994d9181e2a4f227ac879601e8f
rnpenguin/cgm-remote-monitor,22,819,3,0,0,ceb68d002b7bf717d11c7c78ca9500e4681a68c4
roastlechon/nodejs-rtorrent,58,3924,24,0,4,e9765952fd45c8a477ab8fb1faa4093039c6b2b8
robianmcd/tag-trends,75,7336,22,0,3,53e6efbbe66dccd0dcac190e8c25ad92a363b7dc
rockq-org/austack-core,32,11304,108,0,12,2e85a66abc203b0fd24af6a5b41d9476e550c9b2
rohitnair/sportshackday,13,96685,11,0,4,5aed28b79c0d1df9b4acd6644c0b93826630abc0
rorymadden/angular-login,67,8111,16,0,3,ee62efd6fdf68ae095fca8c90d9c19308476bcc3
rps/livemuni,34,1272,7,0,0,754a417083f5eb71e78b603136a8976e62117c5e
rschmukler/agenda,8568,2607,22,0,0,6ec531d2040553a8c24055374f22cf7bdd024bbe
ruder/legend,70,7458,4,0,0,677579ba136b214f37a247fe7cfc00c6f2f3ae3c
ruffrey/mailsac,265,754,3,0,1,5fa97dc0abd4f5979e602ce2fbad605d3fc7600a
ryankee/concrete,499,1079,18,0,0,5329450d0385fb3c0a71f3ec30728a664ee5c5ed
saggiyogesh/nodeportal,26,116700,114,0,19,cfd5b340f259d3a57c20892a1e2c95b133fe99ee
sagnew/2048AgainstCancer,14,11209,4,0,1,acb5d0d1ae6a2fe0d4a199e8c08efaee28007800
sahat/GameOn,12,715,22,0,2,25022ecbf85a8b670acc77cf1717af659c1d8430
sahat/ember-sass-express-starter,91,30779,11,0,2,0e35c977ac23b1be6c9cf363a038cd33909949b6
sahat/hackathon-starter,33941,2347,96,0,1,2362938d74273e4b75626e32d20a0f7e765edc2f
sahat/newedenfaces-react,850,1510,26,0,2,653bfa2f1470cbe44cb55167020f0551053ca756
sahat/tvshow-tracker,597,15607,21,0,2,083614d5aa9302e45b62459bf7ad4c58659d4388
saintedlama/mongoist,296,1581,23,0,0,a515954cf480b4c90d36d63c1ab575df9a0a44d2
saintedlama/passport-local-mongoose,1149,3516,1,0,1,d74d58cdcf3f727cba01815fe0a1b2351b1a9694
saintedlama/restify-mongoose,109,3308,2,0,1,1c01c5b14770326e901f0b8096b67908ecc3527d
sangnguyenplus/azquestion,44,6099,219,0,12,bf00d7cdfb5c31fcf3c81c7043a6215f67ed60b6
sarajs/Sara,31,1663,1,0,0,b1affd8a7b5f3b1a1e66c2eaea368760cf597109
scalable-react/scalable-react-typescript-boilerplate,171,1013,9,0,3,9c6eb0bb74a1d4029d4811871d46e010913b88c7
scorelab/LabelLab,66,17537,72,0,6,5b348be6a844a90915c5748b124d67315d99aa90
scorelab/senz,51,13157,89,0,5,d1fef934097418cbea08c6e06d5c564a9adcf4f4
scotch-io/mean-google-maps,16,41004,12,0,1,463fcfecb2f7275736bec942e7d9700421b38119
scotch/sapling,114,10159,20,0,6,e4c1da9aa8e25eca6c790c910d1e19da03f63788
scottwrobinson/camo,552,4662,22,0,0,068eb47db9f4713ffb6a407ca49e1f86dbe0031e
scripted-editor/scripted,1574,85792,6,0,0,cd690ee544f18d9b0135213ec3ced05e50b3eba4
sdelements/lets-chat,9629,40760,69,0,5,617207ff3c0c0bf8e3c7a915bd9ec03f1dd8390c
sean-stanley/FoodCoop,18,110838,129,0,12,9fc9e42161ef2075176b5fae8b31b9e1a2938f04
sensebox/openSenseMap-API,46,13094,108,0,8,8deb15cf7f5412c15c8d0d6c22b114b81b42a450
sentinel-official/sentinel,299,48691,145,0,22,d0238f4ff21d0a7f2d684f645e47cff85550f0d9
seppevs/migrate-mongo,734,1897,6,0,0,4c26e36ea4e4f62bfc254ab5855143acff4930ac
sergeyksv/tinelic,77,31147,156,0,0,9ba2e5916027b4e011568fe98573e9ba62036a4c
sergeyksv/tungus,109,11608,7,0,3,29012d64046de50ae0a0e8920e0619e3bee8d46a
seriema/npmalerts,16,825,10,0,2,9e33d9868a456982174b06e13d7ccc755abea1a3
serverless/serverless-kubeless,303,6616,7,0,0,510a84fa978d3e8f567a8a4a96afe9e467138f13
sfbrigade/San-Francisco-in-Progress,29,20505,15,0,3,d2d31ce4e95511eaa7da03589c88e6f51825ea01
sgmap/mes-aides-api,20,2403,37,0,3,5eebef33e70d5a7efc04fceef4770d487c90a650
shamahoque/mern-marketplace,341,6634,46,0,6,bf3fc45e7782b13dcaefdae8939c621a3c9a65e3
sharelatex/web-sharelatex,336,319865,364,0,33,aea26fe3135d01a5c218cd42dcb0229ab1fad3ac
sharvit/mongoose-data-seed,108,4262,16,0,2,bb55ec4c72735c501fc2c66f11c72b4bd46e44e2
shashankmehta/victus,17,5595,119,0,6,b21867ba7ed28f6aa79451109558d68b2ad998ac
sheep-host/Sheep-host,32,4590,25,0,8,9fe23fdd49f27c25d0eeb990f7b673735192f949
shokai/semirara,16,2221,14,0,2,61527cbb61f89942ae2c9156569a956c97f754b4
shri-2015-org/shrimp,11,1923,43,0,3,c938262d5ef48619cf8859f3a830fee49f573f36
shubik/prometheus,20,1400,22,0,0,63d9bd52ab55955f5cd42568a63e167669331fa8
shunwuyu/lesson_md,11,386736,135,0,35,89b9c854d3d781739a67c209ede31052e8fa7572
silentrob/superscript-editor,28,9652,2,0,1,cb836db3112ae9639b8918b405b61cd253025e11
silversteez/the-feud,35,10771,17,0,4,5922bd1c2034d1774049c323ce83357e931cf7f8
simpletut/Universal-React-Apollo-Registration,507,2285,1,0,1,26f48641468386b412058f1a190d338e55c69281
sipcapture/HEPop,20,1854,11,0,0,c974ec65849fa48f303a7cb453019abba01d3733
sixstars/starctf2019,230,36167,12,0,0,7e8bd4efbef03ed2b6a6bea2a01befc6374dde9e
skepticfx/domstorm,35,12905,24,0,2,ccdfda07bcf6863aead9961dca377d088c36505b
smaxwellstewart/hapi-dash,116,14386,1,0,0,217c8adf50dea947a19bc66a868bd738ccaf9c24
snodgrass23/base12,171,851,5,0,1,12720d86a338efc620dddb8258a03ebae9b7de2e
snyk/goof,369,541,14,0,2,03365894703535a2c8d796e4dd35a6ccefa4c039
sodocan/sodocan.js,66,6164,16,0,2,d7b211cb98747cab57baf457c4abeb220f4642d9
softwerkskammer/Agora,56,18505,15,0,0,c21828d92900c60aba7e967bdb4103121301f3d5
sorensen/aebleskiver,16,4801,7,0,5,e440dc9fbfff1a688fab353fc67028dc6601b970
sosolimited/recon_backend,10,801,26,0,0,39ce7f43ddca4bb97fb67582937a715ffcd7755d
southlondonmakerspace/membership-system,38,7158,30,0,0,1caa8970ae7ceb0905fa5d458ac9ea74f2de0561
souzacristsf/eReports-open-source,30,2777,5,0,7,127fcfa2782b351e5253791498b952e137a4d84a
spadgett/LDPjs,28,1088,9,0,0,9ab1dba9ea42ab1a187a2c3718f9a618fa50ade7
spaghetti-open-data/tweetyourmep,17,1724,8,0,0,537097515da6b5cf421955d49d295f1793045f92
spaghetti-open-data/twitAntonio,16,3574,25,0,4,6d42df4964820221a6b69f59e594bac781dd2186
speckleworks/SpeckleServer,112,6572,160,0,7,1690abaaaf3fc3e6a21b70a199e3cfa401997466
spencermountain/dumpster-dive,201,888,6,0,0,bcec00f7272a16c9756d25a7a354b0784353eef5
spencermountain/wikipedia-to-mongodb,201,888,6,0,0,bcec00f7272a16c9756d25a7a354b0784353eef5
square/cube,3920,18135,10,0,0,d09728455fa5319ad174d175907078a90dc4396f
squeezeday/hackathon-starter-angular,20,8203,38,0,2,5fc63fd8fe800d75ef5900cb30a7f9ea34238c00
stalniy/casl,4464,5739,4,0,0,1155c563ccd44693593f3c3921ee66aaf0873460
stefina/pokemon,49,20089,33,0,6,ac0e07213d171cbd8f2e97b43949845099f81da6
stephenhuh/sysadmins.io,13,3208,37,0,9,f85cef6157605f72b80195534eea15284e21736c
stevoduhhero/YGOSiM,15,9575,11,0,4,aa39a4e6d87f3cda8e5d83feff4564c39082e206
stolksdorf/homebrewery,28,1402,12,0,1,bf21c3d3512d69dc44ff65cd773d93fdd2ba868d
strongloop/loopback-connector-mongodb,187,6916,21,0,0,5936ba0cd74a2b7dd84bb0925e0a9636de4f5d85
sundowndev/underbase,19,616,62,0,0,42f73628bb40a056a25839810be548f4aecc0be1
superhawk610/multicast,200,1320,20,0,2,7e8a27330a07285a2d7db2e2a55ab7d38fdce3fc
superscriptjs/superscript,1654,4873,25,0,4,5e3e1b51654a54518dfada17c0cd9dc146c8e48a
supunlakmal/thismypc,161,379440,56,0,8,76db84766e35a6e32ef025436354af5104da701b
sutianbinde/classweb,28,787,14,0,0,c8dc03ddca388945812d5d44cf4b4c9dc11f9be6
swallentin/ql-stats-engine,10,579,31,0,0,6e5d3425b7a430a5f9f58ed76a58c7ac4db15879
synthesis-js/react-synthesis,73,3108,56,0,10,2f661e8b207d4ba2a8f897e39dffe8ca182c8dcf
synzen/Discord.RSS,828,28897,194,0,34,c29dbabeef91999e27bc9dc16e479a6c96d77e69
syzer/JS-Spark,190,5299,26,0,3,bd16677bf78a624eb0aed35bb745f548eb9d5765
taterbase/mongoosastic,323,1342,2,0,1,e1521f643746ad23c59bb8dc1b1d0e5794149f9e
tatool/tatool-web,40,17906,133,0,7,cd3e527b1780b23680df6bcb50f0fadca8186dba
tblobaum/mongoose-troop,246,2320,3,0,1,09747e90b7f6d45a734c806c18cf635642634235
tdegrunt/mongodb-rest,406,3377,32,0,0,2e1a682b184329f992fb3e799de26249d6cb3bc2
team-blockon/blockon,19,7586,49,0,11,f6a2b67f210b266490f252cefb0657876a122249
team-velocirabbit/rx-etl,36,664,7,0,0,6ab92db2c5c1d9685e8af35ddd8f539bc7f01775
tech-dojo/mern,34,1836,26,0,1,60e07eba1e34b62902bec18e9ffc87255c7a7f01
tech-dojo/react-showcase,63,1202,29,0,1,a80326ffbd10e7cc0fae243fbb90d156a2614e62
techunits/mopublish,18,2428,42,0,9,148b939db151fd4c5a3dccf5c09ecce4a023227c
techx/hackmit-puzzle-2015,14,1008,29,0,3,9877b906e169fd7769f1cd39ea3139965e3797bb
techx/quill,413,3310,39,0,2,3227d1f60409eb02d682e14dd63197cd3073f63a
telefonicaid/PopBox,23,5853,2,0,0,0fd1b924b4ed6c81df56cc62d4f4f0bd4790113c
telefonicaid/Rush,19,8899,3,0,0,0eb1c95dff727a24638416b8a439de69b126dfc3
telefonicaid/iotagent-node-lib,56,38032,44,0,3,f2e0305ca13a181140ee1fd1df8debb5a0838bee
telefonicaid/lwm2m-node-lib,68,5533,10,0,4,02d1039e84a13206a65d21c807853eb4d7c1e6ed
telefonicaid/notification_server,36,8544,40,0,0,7053bc64dd7ad013b5082635b5c97ba4492297ad
telemetryapp/osmos,52,4893,14,0,0,df6becb01ae7f46908cef8a857fce17d301fc6e2
tellform/tellform,2972,9874,42,0,8,d5c94ce67fbd5edfc6674703ff799ef330a872a0
thanpolas/entity,16,2102,9,0,0,b1062ee13cb164d866834df992364c7fdcf109d7
thecatontheflat/agile-estimation,18,3935,22,0,5,2a3420e35af2931b0be39fc700713b8d11eb0624
thegameofcode/cipherlayer,10,10269,18,0,0,bf1fc53d510cefc0926dcabc47a1dff2e08a5952
thegameofcode/resonator,39,3455,29,0,2,44cee2b2d4229a391b71a758f11a26d342bc2664
thenativeweb/wolkenkit,1055,2846,93,0,0,4aa880eb0a79aefe1dab21d825da8059db1327a4
thenativeweb/wolkenkit-eventstore,78,4224,13,0,0,ff02dc6d21eaf763d402fc662b0ba476b4b29a88
theptrk/dropnet,12,1328,20,0,1,0591c2f3b6912204bb9a1fab938aff580909a9da
therne/cottage,101,2004,8,0,0,7d6c930b14d8915f7567d435f29b69237aa17a9d
thesentinelproject/threatwiki_node,63,5149,29,0,5,6d3f9fe996a97d94eb08d129207cfcfeb774eb79
thewildboard/wildboard,12,3162,48,0,6,2fbb70600546cbe5bb36c09c3859a6143eb22e46
thinktecture/nodejs-aspnetcore-webapi,46,23678,3,0,1,dd94f702a00967263f12d543126f7e3a05aadfa1
thomas4019/expressa,400,4949,8,0,0,9582b41d2342cc5b256a17bfc8dc2c1c7945d993
thomaspeklak/node-wiki,28,6151,41,0,2,5197894e97cc05cc3ebef86567d1130cb8f0fd9f
thoughtworks/dashy,12,855,8,0,2,8877a6155ead0367b8efe3842e342cdbd9c2cbe1
tianmaying/node-blog-demo,39,2116,27,0,3,85b72567ffa0a68ad48122431d751b32561122fa
tim-tang/hearthstone,28,1357,26,0,4,621963d0b58f11d85db04b80699085122310160c
timezoneio/timezoneio,185,3820,92,0,7,a14286914b0034ce75f08e5c5842b012822f0b29
tinata/tinata,20,882,6,0,0,ed2b491f2ee06da93884904c85160d1160fc5d3c
tjworks/angoose,65,18382,21,0,5,2172f7a9f44d1337156792bf4dc382805b47e121
tmeasday/create-graphql-server,321,1886,1,0,0,51e0fbf073291fbae5b0ca4e69f7983b2b434c04
tmilar/meli-manager,25,2208,12,0,1,7e1097b298777268a41b7ac14c11b84519239167
tongyao/clouda,26,21415,7,0,0,cd370393c3df26e84c893c24ec63d319f875242c
topcoat/topcoat-server,40,1281,25,0,7,b681fdc139812e17b9e86d78793d3cd29858060f
topliceanu/mortimer,22,1243,3,0,3,64b9db57b6c80ac089f1cc315a8e14f268566b83
tortuvshin/intelligo-game,18,3441,5,0,1,35e0475a0de555bf46d9411d259cb52c986cd317
tracking-exposed/facebook,103,10302,8,0,0,0a28ab7d0df06d993eac4a87a825f05218a087d6
travel-and-help/start-kit,11,10217,20,0,3,913f612921e03dffcfd9ee09c229a8c27fc93f95
travist/resourcejs,113,3516,24,0,0,8321b8b8e412f7eff9e02899d763a85bc203c6c8
trendscenter/coinstac,35,20179,127,0,0,3aa253fc28c8eabd090d87d7fa77438b48060393
trestletech/todotxtpp,78,165551,5,0,0,8dd70583e9bcf898221bde4ede06480b5fdddd0d
tungtouch/HubTaxi-Server,346,3852,12,0,13,efc9efe659fd9806b5eeb6b82bc5f957c37cd308
tungv/jerni,28,7881,16,0,0,900f9dc7f7ae94d31311d8a12c3bfdc3233b102a
tutumcloud/stackfiles,24,54365,32,0,2,1902dc563f9d2771ff59d597e41a4f6289bc58ab
typesettin/periodicjs,40,11361,19,0,6,fc31f56c348a831dc407d95785195c12a589b44a
ubisen/ota-update,19,2070,49,0,4,46c31e87bb1df4a3ded72bd67291610f2c812791
ucbvislab/vdigests,16,7573,89,0,2,8391bc2ef2cbc88ccd7dbcfbe61e405cf65f05ef
uclaradio/uclaradio,28,15311,81,0,9,b72584fce59ff160f26693838436e80906c80e9c
uclaradio/uclaradio.com,28,15311,81,0,9,b72584fce59ff160f26693838436e80906c80e9c
uhyo/jinrou,69,1704,48,0,0,0868a8c3c33f00d9ee57a398605d483caa43ac17
umairraslam/expense-manager-mern,43,31375,6,0,1,3f67205243fd465deaf57b24580d0cf4c748d4bb
umrum/umrum,49,3603,9,0,2,501a04512abe109b709dc0373bd112a47c5c5108
unarxiv/CVPM,316,844,13,0,2,2368f0e1f8df78cce568266e3c88e493eff1ac89
unchainedshop/unchained,147,32918,638,0,0,f58fd08f7420d59b8ce7c32afda385b9fd173b1f
underscopeio/sinon-mongoose,87,539,7,0,2,2e67daf3a5b5d6841fedb9ab1acade0769627cd0
universoimpulso/atena,137,4198,87,0,8,c94b72c604249bdb39d1f36a737e721cc3f4343e
uptownhr/hackable,24,14490,30,0,6,8d3f159d5cda83cb4566275c88e45d8842683722
urielhdz/referencexyz,12,4720,30,0,3,9912993fc70417a72bc609a5146abba13220fc88
usehenri/henri,51,5892,4,0,1,b67a98ff1f939d18ea2fa7a28e25614af639e8c4
ushahidi/crisisnet,27,4378,26,0,6,0d08675a749339beda21220bd2acdd33de34e12c
variety/variety,1655,894,91,0,0,a6731b4b944881e866e699460e22fa1369e97b51
vasanthv/jsonbox,2500,630,14,0,1,60042b4436a14e73fa00369c1a1e8a96b3b6c057
vck3000/ProAvalon,71,80758,199,0,17,28be2031be4a09d7838b745039909b0ea2eb35d8
vellengs/typerx,77,32413,355,0,34,e6d97023e1ffa178a67377dd4c379614b7c23954
vialink/viacrypt,81,743,1,0,0,c29a2ec9c4b056b44eac625a39d953478b898ede
vibertthio/beact,249,6221,19,0,2,7bf31a79c6b48e890eda4edb188a922faf44fede
vidigami/backbone-mongo,13,997,8,0,0,ff1706b6f5539603f16dc91ef1245e0d22279062
vikpe/mongoose-mpath,61,1310,12,0,0,7934b3255f0ef5f5bb2e78979362052c22c4506e
vinWin/SnapIt,12,2387,25,0,2,d33a185dc7be48883a64a41504e22dc2e4eefa6a
vinitkumar/node-twitter,286,8496,54,0,6,beb373b3958eb7deb73a2bcbd13ba33463f4148d
vinkaga/node-backbone,75,21546,6,0,1,e7437cd4082e8023e1ab4e935bb6ad7354d4de1c
vitmalina/w2ui,2417,149099,21,0,0,57fc005b6729cf8f1285c893f1b28693f73b29a7
vivekratnavel/omniboard,523,10745,22,0,7,b0b58ed6ff44694f16e74287c1398400379fedaa
vizorvr/patches,184,362082,118,0,10,0f8c9ef0191eb0e122814342099a6e5c9dcb5570
vizorvr/vizor,184,362082,118,0,10,0f8c9ef0191eb0e122814342099a6e5c9dcb5570
vkarpov15/mean-stack-todo,93,36056,3,0,1,26e9247f7f094ffe2ad564615272fa33bf0a5176
vodolaz095/hunt,20,9317,5,0,3,62198d590a859e3e51408090c9fb14eb99e563c6
voithos/swiftcode,88,4365,55,0,6,3692087b6692631b8fb61e12040ddf961e62d6c6
volpe28v/DevHub,186,8121,126,0,0,abf4729ef8e4ade63c06e7bca8d9033014d3bf5a
voluntarily/vly2,99,56649,226,1,18,d510486c92bb3d9ffa1e4432088a9ccd42e74687
vpapakir/uptime-openshift,38,4430,126,0,13,7b9f2ad220bdf2e4df9b6f9c0460781c76f57f23
vrsity/vicehd,12,656574,15,0,2,8914bfb17f0e1f68c5134250007b56b58d54a5c4
wangning0/Autumn_Ning_Blog,574,12293,4,0,1,5a6987f50d915be8460593f4dcfce1eb10cee449
warcraftlfg/warcraft-lfg,15,15362,10,0,0,db2e822adfd87d139b33527bade4e4cab7218f04
watchout-tw/react-ask-app,25,4208,15,0,2,5feae2ec678e6049148c809396e823d63ca1212f
watson-developer-cloud/investment-advisor,66,13564,22,0,3,1c843b82c8555c0c12b56b4fbb407e9f7511e162
watson-developer-cloud/your-celebrity-match,157,821,13,0,2,a0906382d7f6536c7749cdcf1630d83f551cdef7
wdshare-group/wdshare-site,52,162370,148,0,0,8bde41be7c370735fe8ff20cacdedf338a77d835
webkom/vote,26,7533,78,0,5,6711e8a2c9ad78cf1a92b4e4512b277b7432b409
wesbos/Learn-Node,1048,3692,351,0,44,79e1ecf10a400856ab893e8170a5d86b4f394821
weseek/growi,1103,28440,599,0,34,0863258ee0a996bcb3f7312b281e93b219debbdb
widestage/widestage,270,45718,98,0,25,0d160825004b1711516caeea135fdb02ea07e49d
wikitechie/microcommunity,15,13483,92,0,30,3b48115d51185d0344a0845d0721a52140eda92b
wise-team/engrave,11,42172,52,0,5,ccbab73cd91b20ceff2db0c632147264842f6693
wmui/essay,935,1702,44,0,5,1c8a0f347cda756fa0f08873f6220aa5c0618015
wonderkiln/angular-blog,38,9092,44,0,4,113d002765734e82f27995c9a3157765fb1219d1
woonketwong/CCare,20,9914,39,0,4,c453addc19ffcf736070a81e75d28498659f9521
xbrowsersync/api,572,1452,36,0,4,8005229e7f70e505489ad673ce311167e27478fb
xenophy/ext-server,15,53485,3,0,0,d3737104d2383777c075dfd6aa393a53daad5cb3
xiaods/nodejs-cantas,114,47365,141,0,23,f194f42940f26dcd70583ff6b16405615dbb7780
xiaojue/AMP,88,8453,1,0,1,fdbdb1587e4afae49bf3c4d4c07be303b6b7492c
xiaoshan5733/cms,76,5836,230,0,11,d918e13f636d0877caf1567c356bbd331f983f3d
xinyu198736/Rabbit.js,239,5417,2,0,2,30c443e3705da05e68efd1dc9dc71e48d2c54901
xiongwilee/Gracejs,1365,11096,1,0,1,866be07cf64667f25dc3633d434f514dc48fe041
xiongwilee/koa-grace,1365,11096,1,0,1,866be07cf64667f25dc3633d434f514dc48fe041
xpush/io.stalk.admin,10,90309,78,0,6,76300c972529814a39a17e13a4033cc120d489e0
xxhomey19/PPAV,132,1023,4,0,0,945626224e746c3ae11574aaff6afb94599a1a52
xxxgitone/vue-node-pastime,213,1526,34,0,4,4e07b23df43292618dd11e500f5cfbcf985bbbe6
y-a-r-g/color-themes,227,1430,33,0,1,acb64e786cf6b0d66b5d5890a2ce7db7084a67e8
yankouskia/Shop,129,1179,18,0,5,6287103f3a5a247947725f7e9f61935dafe91e3a
yaroslav0507/FullStackJS,128,17893,11,0,6,08f51855d8b08daf4d7b94f039a1e0b8b7463cbf
yearofmoo-articles/AngularJS-Forms-Article,86,10888,3,0,1,f3a37de3e8800be365b67dda2b4df6aa2eda0d36
yi/node-ticket-manager,81,2298,43,0,2,93cfa53bb54b3c290117582e4019d2217b2c43ce
youpin-city/youpin-api,21,5786,39,0,11,50b63ca6efb1ecadb76447ba14cadc7b551a44bf
ytanaka-/menthas,140,1091,13,0,4,d4476e9e2f02eab286f298b99c585540bbe68850
ytham/barmixvah,140,264080,5,0,2,bdf6fa4b74672e6b6ed6b95e52f04fd1d54772f2
yuanzm/Live-Chat,43,34489,26,0,2,ded363615f87910a29cbf131d2c18ed99a8e75e6
yunlzhang/lcddjmwebsite,21,5262,33,0,3,d329c57f5682371573c936211e0116fad4f172c3
yunnysunny/nodebook-sample,20,8939,11,0,4,1fae03ef881f14a530ccc796a16af9a1c9b888d1
yurykorzun/notinphilly,12,29773,200,0,15,2ea29f24cef0cb5b1983aacde9f4b88605f618fc
zackster/CompassionPit--Node-,21,98180,35,0,11,dc3f023c2e8bb06e2155c27d02f7cabeac9dee66
zipfworks/ember-prerender,141,1255,3,0,0,d6eeb0df4524ac54f06b3cda0c755b7e66079bb3
zishon89us/node-cheat,413,3233,19,0,3,e73252e81aed263c9639a94b6f97506e8aa036a2
zrecore/zrecore-js,69,4227,61,0,35,c03e1f8ad0068b02e7df9238d6d14cd8652e10df
zzdhidden/mongoq,70,1209,8,0,0,6e70849167caedb2ac15d21ca1d76e2aa725d8ae
